{"0":-1.9109710454940796,"1":-0.7756646871566772,"2":4.754894733428955,"3":0.21880988776683807,"4":0.824442982673645,"5":7.508776664733887,"6":0.05508190765976906,"7":2.6573805809020996,"8":2.5561814308166504,"9":0.6080908179283142,"10":3.411757230758667,"11":-1.2760688066482544,"12":3.544050455093384,"13":8.197067260742188,"14":9.030179977416992,"15":8.831113815307617,"16":0.9673162698745728,"17":23.427785873413086,"18":3.3101038932800293,"19":-2.898689031600952,"20":5.535393238067627,"21":0.34324026107788086,"22":3.990985870361328,"23":1.934600830078125,"24":7.08969783782959,"25":-0.5848994851112366,"26":6.467367649078369,"27":0.16395244002342224,"28":0.7643623352050781,"29":-1.663957118988037,"30":0.15894240140914917,"31":7.988375663757324,"32":0.9383920431137085,"33":0.5106414556503296,"34":-0.19706641137599945,"35":1.269176721572876,"36":3.258897542953491,"37":0.1272064745426178,"38":-1.3321428298950195,"39":-1.2588188648223877,"40":0.7671263813972473,"41":0.04740935564041138,"42":1.7617992162704468,"43":1.7561557292938232,"44":-3.7093353271484375,"45":-0.0801488608121872,"46":3.066887855529785,"47":0.8189972043037415,"48":0.6403878331184387,"49":3.9625117778778076,"50":5.981787204742432,"51":8.491991996765137,"52":-0.9412603378295898,"53":0.5153773427009583,"54":4.865042209625244,"55":2.396596908569336,"56":-0.6690398454666138,"57":0.07121419906616211,"58":0.305281400680542,"59":3.127601385116577,"60":2.006274700164795,"61":-0.0441933199763298,"62":2.3798887729644775,"63":-0.5265814661979675}