{"0":0.12003522366285324,"1":-0.48286351561546326,"2":0.0928046703338623,"3":-0.10838942974805832,"4":-0.2383778989315033,"5":0.35837581753730774,"6":0.2444363236427307,"7":0.09257876873016357,"8":0.2440708726644516,"9":-0.3593066930770874,"10":0.2600176930427551,"11":0.2282589226961136,"12":-0.4764387011528015,"13":0.05078373849391937,"14":-0.5287359356880188,"15":-0.6255475878715515,"16":0.16076906025409698,"17":0.11938156932592392,"18":-1.0248870849609375,"19":0.14888420701026917,"20":0.4070661962032318,"21":-0.21436017751693726,"22":-0.20386314392089844,"23":-0.22012701630592346,"24":-0.4306706488132477,"25":-0.09428437799215317,"26":-0.012780359014868736,"27":0.2760315537452698,"28":0.3048552870750427,"29":-0.0685172975063324,"30":-0.08601456135511398,"31":0.21700730919837952,"32":0.21863660216331482,"33":0.12007419019937515,"34":-0.11360229551792145,"35":-0.6816099286079407,"36":-0.2736043632030487,"37":-0.36070263385772705,"38":1.0853523015975952,"39":0.22913789749145508,"40":-0.10118059068918228,"41":-0.06772910803556442,"42":-0.2967107594013214,"43":0.10021954774856567,"44":0.27794429659843445,"45":0.2479093074798584,"46":-0.7488728761672974,"47":-0.1362789273262024,"48":-0.13924814760684967,"49":0.1460885852575302,"50":0.16588155925273895,"51":-0.18322083353996277,"52":0.09339083731174469,"53":-0.10489068925380707,"54":0.32740581035614014,"55":0.6016729474067688,"56":0.6196977496147156,"57":-0.08474893122911453,"58":0.11660455912351608,"59":-0.20968185365200043,"60":-0.10027214139699936,"61":-0.1563894897699356,"62":1.1547365188598633,"63":-0.3738104999065399,"64":0.15758445858955383,"65":-0.5230920910835266,"66":0.1326390504837036,"67":-0.16326969861984253,"68":0.17494556307792664,"69":0.44443967938423157,"70":0.34200212359428406,"71":0.12076116353273392,"72":0.27279841899871826,"73":-0.4708574712276459,"74":0.3618521988391876,"75":0.30726274847984314,"76":-0.7112840414047241,"77":0.06746714562177658,"78":-0.7523155212402344,"79":-1.1703091859817505,"80":0.18629935383796692,"81":0.15340395271778107,"82":-1.8417510986328125,"83":0.2221665382385254,"84":0.6272050142288208,"85":-0.3687029480934143,"86":-0.23731374740600586,"87":-0.3215315341949463,"88":-0.6510288715362549,"89":-0.1205531507730484,"90":0.20937563478946686,"91":-1.1385825872421265,"92":-0.09771189093589783,"93":-0.10590551793575287,"94":-0.11988091468811035,"95":-1.1940869092941284,"96":0.30237290263175964,"97":0.1767054945230484,"98":-0.14534252882003784,"99":-0.8161954879760742,"100":-0.3847424387931824,"101":-0.5310554504394531,"102":-0.8576897978782654,"103":0.32126477360725403,"104":-0.12514275312423706,"105":-0.09285114705562592,"106":-0.4417664706707001,"107":0.15293988585472107,"108":0.39118367433547974,"109":0.2921953797340393,"110":-0.704829752445221,"111":0.09745044261217117,"112":-0.16944794356822968,"113":0.17828088998794556,"114":0.20465080440044403,"115":-0.24775953590869904,"116":0.13409829139709473,"117":-0.21193842589855194,"118":0.43057486414909363,"119":0.7513421773910522,"120":0.8918799161911011,"121":-0.1123703271150589,"122":0.1875433325767517,"123":-0.3044632077217102,"124":-0.12120391428470612,"125":-0.2183394730091095,"126":-1.3169094324111938,"127":-0.689649224281311,"128":0.08365629613399506,"129":-0.32831335067749023,"130":0.09114325046539307,"131":-0.08569396287202835,"132":0.03791946917772293,"133":0.23871144652366638,"134":0.18650087714195251,"135":0.07443661987781525,"136":0.20271137356758118,"137":-0.2315102070569992,"138":0.16080701351165771,"139":0.19195635616779327,"140":-0.43903934955596924,"141":0.03191770985722542,"142":-0.39217767119407654,"143":-0.6046304106712341,"144":0.05915454402565956,"145":0.06106040999293327,"146":-0.9441311359405518,"147":0.12290863692760468,"148":0.38120970129966736,"149":-0.04912857711315155,"150":-0.0985022634267807,"151":-0.18289178609848022,"152":-0.363687664270401,"153":-0.06879155337810516,"154":0.33288487792015076,"155":1.1759687662124634,"156":-0.45641326904296875,"157":-0.07328830659389496,"158":-0.07802936434745789,"159":0.9021636247634888,"160":0.1705404371023178,"161":0.10081847012042999,"162":-0.07566121220588684,"163":-0.1573287695646286,"164":-0.2215230017900467,"165":-0.31849175691604614,"166":-0.1968906968832016,"167":0.15882395207881927,"168":-0.06529577821493149,"169":-0.03981482610106468,"170":-0.2650521695613861,"171":0.11604678630828857,"172":0.24513298273086548,"173":0.2008979767560959,"174":-0.003986601252108812,"175":0.01774021051824093,"176":-0.0848078578710556,"177":0.09282376617193222,"178":0.10529396682977676,"179":-0.13067381083965302,"180":0.07185936719179153,"181":-0.06005668267607689,"182":0.2632157504558563,"183":0.3697437345981598,"184":0.30710718035697937,"185":-0.027338478714227676,"186":0.11837629228830338,"187":-0.17118193209171295,"188":-0.0745624378323555,"189":-0.11979619413614273,"190":-0.2080339938402176,"191":-0.4840620160102844,"192":0.1533290445804596,"193":0.9403994083404541,"194":0.12726615369319916,"195":-0.16357509791851044,"196":-0.24703066051006317,"197":0.5146499872207642,"198":0.34523773193359375,"199":0.10822317004203796,"200":0.31178903579711914,"201":-0.4267263412475586,"202":0.4113364815711975,"203":0.30240386724472046,"204":-0.7559770345687866,"205":0.06674353778362274,"206":-0.7284743189811707,"207":0.372958242893219,"208":0.14438927173614502,"209":0.0809573233127594,"210":1.0386635065078735,"211":0.20433539152145386,"212":0.7110887169837952,"213":-0.2868950068950653,"214":-0.26749998331069946,"215":-0.25426143407821655,"216":-0.6731520891189575,"217":-0.13022370636463165,"218":-0.22780686616897583,"219":0.5356788039207458,"220":0.517166256904602,"221":-0.09725777059793472,"222":-0.10258675366640091,"223":0.21994377672672272,"224":0.321563720703125,"225":0.19906733930110931,"226":-0.19577009975910187,"227":0.2983470857143402,"228":-0.3854275047779083,"229":-0.4526873528957367,"230":1.335400104522705,"231":0.33232948184013367,"232":-0.11741980165243149,"233":-0.09131891280412674,"234":-0.44053518772125244,"235":0.14808139204978943,"236":0.37326157093048096,"237":0.30774834752082825,"238":-0.7562026977539062,"239":-0.29562440514564514,"240":-0.18090786039829254,"241":0.14399756491184235,"242":0.19543036818504333,"243":-0.26290348172187805,"244":0.11344128102064133,"245":0.4403340518474579,"246":0.44371265172958374,"247":-0.23005124926567078,"248":-0.5996246337890625,"249":-0.1351792812347412,"250":0.16502384841442108,"251":-0.2902890741825104,"252":-0.1124313697218895,"253":-0.21046407520771027,"254":1.5839146375656128,"255":-0.5531133413314819,"256":0.207533061504364,"257":1.1287546157836914,"258":0.19503629207611084,"259":-0.22648786008358002,"260":0.36856505274772644,"261":0.6217496395111084,"262":0.4955124855041504,"263":0.15961851179599762,"264":0.3932787775993347,"265":-0.6443790197372437,"266":0.5887181758880615,"267":0.41703084111213684,"268":-1.0051442384719849,"269":0.0910843089222908,"270":-1.1720709800720215,"271":-0.8304734826087952,"272":0.1526847928762436,"273":0.09523255378007889,"274":1.7051008939743042,"275":0.3129980266094208,"276":0.9835035800933838,"277":-0.5279792547225952,"278":-0.3104720413684845,"279":-0.4128081500530243,"280":-0.9076319336891174,"281":-0.18538974225521088,"282":0.02812107838690281,"283":-1.537215232849121,"284":0.06102580949664116,"285":-0.14310170710086823,"286":-0.17135965824127197,"287":-1.5220820903778076,"288":0.44190138578414917,"289":0.3035830557346344,"290":-0.25062137842178345,"291":0.5880563855171204,"292":-0.5289933085441589,"293":-0.718471884727478,"294":-1.316332221031189,"295":0.4745193421840668,"296":-0.1505568027496338,"297":-0.13700208067893982,"298":-0.6006792783737183,"299":0.23937886953353882,"300":0.5630520582199097,"301":0.3854655921459198,"302":0.2564890682697296,"303":0.012237200513482094,"304":-0.23447327315807343,"305":0.1802433431148529,"306":0.2506324052810669,"307":-0.36906957626342773,"308":0.1821073740720749,"309":0.7158387303352356,"310":0.6070708632469177,