{"0":-0.14945177733898163,"1":-1.4927200078964233,"2":-0.35446080565452576,"3":1.864112138748169,"4":-0.13674531877040863,"5":-0.00012628214608412236,"6":0.4559043049812317,"7":0.09692308306694031,"8":-0.21443098783493042,"9":-6.865875720977783,"10":-2.806861639022827,"11":0.7293664813041687,"12":-0.9656655192375183,"13":-0.011564875021576881,"14":-0.278935045003891,"15":0.09249164909124374,"16":0.17426934838294983,"17":0.49411094188690186,"18":-0.17182296514511108,"19":-0.1567324995994568,"20":-0.11426537483930588,"21":-0.0503830686211586,"22":2.6501476764678955,"23":0.010907729156315327,"24":-0.019839873537421227,"25":-1.3087527751922607,"26":0.028227752074599266,"27":-0.9442927241325378,"28":-0.08114153146743774,"29":-0.08308323472738266,"30":-2.8533437252044678,"31":0.1616787165403366,"32":-0.060912564396858215,"33":0.0625806450843811,"34":-2.633280038833618,"35":0.043711062520742416,"36":0.015675775706768036,"37":0.7777190804481506,"38":12.326628684997559,"39":0.08130542188882828,"40":-0.37990283966064453,"41":0.7819061875343323,"42":1.3703458309173584,"43":-0.1417108029127121,"44":-0.1186540499329567,"45":0.6215095520019531,"46":-0.08466815948486328,"47":0.019893085584044456,"48":3.756054639816284,"49":0.005506488028913736,"50":2.7546510696411133,"51":0.23148836195468903,"52":-23.814546585083008,"53":0.9624996781349182,"54":0.07653774321079254,"55":0.5100725889205933,"56":0.037809696048498154,"57":2.03971529006958,"58":-2.4721033573150635,"59":-0.7637579441070557,"60":-0.05060844495892525,"61":0.7242140173912048,"62":0.4158640503883362,"63":-0.39297595620155334,"64":0.12826521694660187,"65":4.234402179718018,"66":0.8948312997817993,"67":4.9779744148254395,"68":0.18474534153938293,"69":-0.008998584002256393,"70":0.8500113487243652,"71":-0.0695832297205925,"72":0.4328993558883667,"73":-16.664857864379883,"74":2.074867010116577,"75":-3.9686856269836426,"76":-6.716131687164307,"77":-0.33182063698768616,"78":0.12984496355056763,"79":0.044817935675382614,"80":0.5675719976425171,"81":-1.0743610858917236,"82":0.57282954454422,"83":-0.2318510115146637,"84":-0.015148230828344822,"85":0.11399885267019272,"86":1.0235856771469116,"87":-1.180383563041687,"88":-0.3312947452068329,"89":0.6395153403282166,"90":-0.17688509821891785,"91":-3.890125036239624,"92":-0.1706264317035675,"93":0.2860831022262573,"94":-6.286866664886475,"95":0.1373402625322342,"96":0.08952347934246063,"97":0.021051615476608276,"98":-6.977935314178467,"99":-0.03956574946641922,"100":-0.25071173906326294,"101":-0.4008360505104065,"102":5.17499303817749,"103":-0.10973577946424484,"104":-0.4312809407711029,"105":3.5437378883361816,"106":1.2436267137527466,"107":-0.7695065140724182,"108":0.24773180484771729,"109":0.4222087860107422,"110":0.6152188777923584,"111":0.2597722113132477,"112":11.295500755310059,"113":0.6314505934715271,"114":11.743611335754395,"115":-1.5535244941711426,"116":-9.502138137817383,"117":-0.3483995497226715,"118":-0.1370300054550171,"119":-0.8814982771873474,"120":-1.2162126302719116,"121":-0.7725953459739685,"122":-7.6873955726623535,"123":1.0180591344833374,"124":-0.8226944208145142,"125":-0.7319670915603638,"126":-0.5011433959007263,"127":1.4408409595489502,"128":-0.16082057356834412,"129":-1.9153599739074707,"130":-0.20778970420360565,"131":0.8909782767295837,"132":0.1603153645992279,"133":0.006795009598135948,"134":0.5127720236778259,"135":-0.009388932026922703,"136":-0.0225069560110569,"137":-11.933575630187988,"138":1.1057804822921753,"139":0.8443343043327332,"140":-0.342486709356308,"141":0.026461657136678696,"142":0.3402520418167114,"143":0.06521333009004593,"144":0.06555995345115662,"145":0.2710108757019043,"146":0.04417610913515091,"147":-0.08156976103782654,"148":-0.07117192447185516,"149":-0.0407516285777092,"150":-2.5275614261627197,"151":0.0700192004442215,"152":0.20682036876678467,"153":0.7818785309791565,"154":-0.014412115328013897,"155":-0.4772266149520874,"156":-0.041166871786117554,"157":-0.07239355891942978,"158":-1.7065163850784302,"159":0.09217654913663864,"160":-0.08336857706308365,"161":0.07755954563617706,"162":-1.4255728721618652,"163":0.022199597209692,"164":0.0011132846120744944,"165":-0.4095805287361145,"166":10.386775970458984,"167":0.010319310240447521,"168":-0.3297775685787201,"169":0.09111130982637405,"170":-0.15042710304260254,"171":-0.02139037661254406,"172":-0.14318044483661652,"173":-1.1616430282592773,"174":-0.05909520015120506,"175":-0.0147175882011652,"176":1.7666881084442139,"177":-0.15595851838588715,"178":0.4602428078651428,"179":0.2466752976179123,"180":-7.681069374084473,"181":-0.7185810804367065,"182":0.09281322360038757,"183":0.12761113047599792,"184":-0.031451594084501266,"185":-1.3815125226974487,"186":-0.9420925378799438,"187":0.04593988507986069,"188":0.06428483128547668,"189":-0.0036073378287255764,"190":0.610734224319458,"191":0.10446708649396896,"192":0.37016305327415466,"193":2.127742290496826,"194":1.0407027006149292,"195":-0.5959003567695618,"196":2.2800633907318115,"197":-0.42161479592323303,"198":0.6841371059417725,"199":1.2349228858947754,"200":2.2326834201812744,"201":-15.289772033691406,"202":-17.69001579284668,"203":-0.17884670197963715,"204":1.5151268243789673,"205":-0.10617127269506454,"206":3.1362555027008057,"207":-0.442554771900177,"208":-0.28692904114723206,"209":-0.8515449166297913,"210":-5.785616397857666,"211":0.18066146969795227,"212":0.038550496101379395,"213":0.18285544216632843,"214":-2.8542704582214355,"215":-0.6178763508796692,"216":0.09068609774112701,"217":-5.653659820556641,"218":-0.13523872196674347,"219":1.2239731550216675,"220":-0.10656091570854187,"221":-0.18170012533664703,"222":0.5097306966781616,"223":-0.23033703863620758,"224":0.0543515719473362,"225":-0.2818671464920044,"226":1.777662754058838,"227":-0.06092199683189392,"228":-0.36236175894737244,"229":3.684422492980957,"230":19.26926612854004,"231":0.3072192668914795,"232":-0.332736998796463,"233":-0.7302418947219849,"234":1.3731821775436401,"235":0.976560115814209,"236":0.09645436704158783,"237":3.973719835281372,"238":0.7721006274223328,"239":-0.6294561624526978,"240":-0.7756531834602356,"241":-0.03259563446044922,"242":-3.7710092067718506,"243":0.011417238041758537,"244":0.4326745867729187,"245":4.429279804229736,"246":-0.08059877157211304,"247":-1.6560041904449463,"248":-0.15734867751598358,"249":7.771853923797607,"250":0.9280001521110535,"251":0.32325491309165955,"252":0.08011912554502487,"253":4.57595682144165,"254":-1.023902177810669,"255":0.15833818912506104,"256":2.5238583087921143,"257":-10.848634719848633,"258":0.22800672054290771,"259":-0.6773549914360046,"260":-3.358177423477173,"261":-1.9929178953170776,"262":-3.969538927078247,"263":-1.167034387588501,"264":-2.093674421310425,"265":-5.070887565612793,"266":5.730442523956299,"267":4.560608386993408,"268":5.683737277984619,"269":-1.7099312543869019,"270":-9.603313446044922,"271":-1.7227251529693604,"272":-0.9414957761764526,"273":-8.774947166442871,"274":4.7396559715271,"275":2.8054566383361816,"276":-0.9071639180183411,"277":0.695281982421875,"278":0.22941389679908752,"279":-4.940337181091309,"280":-1.522799015045166,"281":-0.49138301610946655,"282":-1.143271565437317,"283":5.0049920082092285,"284":1.8211289644241333,"285":1.6258009672164917,"286":-0.35000845789909363,"287":-1.7053697109222412,"288":0.5203899145126343,"289":1.3071938753128052,"290":2.276925563812256,"291":-0.2949216067790985,"292":-1.706383228302002,"293":0.5385737419128418,"294":17.339332580566406,"295":0.9476459622383118,"296":-0.45391419529914856,"297":-1.31546151638031,"298":-4.1603569984436035,"299":-4.225746154785156,"300":2.0623538494110107,"301":-0.0033223144710063934,"302":-2.7041943073272705,"303":-2.184009552001953,"304":-1.0936774015426636,"305":-1.0425540208816528,"306":-8.159977912902832,"307":-1.5143561363220215,"308":64.93492126464844,"309":0.7242022156715393,"310":-0.6684103012084961,"311":-6.228195667266846,"312":2.4706127643585205,"313":-1.8136543035507202,