{"0":-0.11021008342504501,"1":0.0845424234867096,"2":-0.10076165944337845,"3":0.06772586703300476,"4":0.4487656056880951,"5":0.8692803978919983,"6":0.14949658513069153,"7":1.6931614875793457,"8":0.8150391578674316,"9":1.333389401435852,"10":0.4302787482738495,"11":0.8238184452056885,"12":0.13470792770385742,"13":1.6794127225875854,"14":0.8247424364089966,"15":1.3291020393371582,"16":0.05599348992109299,"17":0.21131521463394165,"18":-0.0488567054271698,"19":-0.1929159313440323,"20":0.19365809857845306,"21":0.15152934193611145,"22":-0.2547548711299896,"23":-0.0008322503999806941,"24":0.040218569338321686,"25":-0.10566205531358719,"26":-0.26706767082214355,"27":-0.14039722084999084,"28":0.2923586368560791,"29":-0.023119712248444557,"30":-0.0416409857571125,"31":0.11801166832447052}