{"0":0.10067402571439743,"1":0.02015010453760624,"2":0.10461155325174332,"3":0.011952811852097511,"4":-0.3660110533237457,"5":-0.433199942111969,"6":-0.11538027971982956,"7":-0.8679748177528381,"8":-0.4040583372116089,"9":-0.6236808896064758,"10":-0.33706387877464294,"11":-0.4221038520336151,"12":-0.09707080572843552,"13":-0.8590531349182129,"14":-0.3978787362575531,"15":-0.6225665211677551,"16":-0.051362544298172,"17":-0.18914920091629028,"18":0.10639256238937378,"19":0.2472982257604599,"20":-0.2461036592721939,"21":-0.03002243861556053,"22":0.07084638625383377,"23":0.0692000612616539,"24":-0.026147563010454178,"25":0.018055792897939682,"26":0.25468873977661133,"27":0.11498148739337921,"28":-0.07217469066381454,"29":-0.01388760469853878,"30":0.057959046214818954,"31":0.00780413206666708}