{"0":-0.0858955830335617,"1":0.013030902482569218,"2":0.015325565822422504,"3":0.08866221457719803,"4":0.048462990671396255,"5":-0.26217952370643616,"6":-0.26728707551956177,"7":-0.014176739379763603,"8":-0.032309699803590775,"9":0.11223281919956207,"10":0.12372968345880508,"11":-0.19851405918598175,"12":-0.026679635047912598,"13":-0.39843034744262695,"14":-0.37018775939941406,"15":0.30796584486961365,"16":0.3195268213748932,"17":-0.04301239177584648,"18":-0.11515136063098907,"19":0.21968327462673187,"20":-0.20768915116786957,"21":0.12528280913829803,"22":0.07112076133489609,"23":-0.10716632008552551,"24":0.07334917038679123,"25":-0.182152658700943,"26":-0.03129954636096954,"27":-0.0770154818892479,"28":0.17398007214069366,"29":0.06642573326826096,"30":0.007641524076461792,"31":0.015036371536552906,"32":-0.05983823165297508,"33":0.05117999017238617}