{"0":-0.1829235702753067,"1":-0.20142899453639984,"2":-0.18270733952522278,"3":-0.13133539259433746,"4":-0.15882962942123413,"5":-0.07601293921470642,"6":-0.022163107991218567,"7":-0.0075781564228236675,"8":0.0006514239939861,"9":-0.004556936677545309,"10":-0.04018941521644592,"11":-0.09507972747087479,"12":-0.08183653652667999,"13":-0.09228857606649399,"14":-0.07828862220048904,"15":-0.15762938559055328,"16":-0.15378783643245697}