{"0":-0.00449669873341918,"1":-0.0020100781694054604,"2":-0.01587236113846302,"3":-0.036367885768413544,"4":-0.015433761291205883,"5":-0.2286234200000763,"6":-0.16230034828186035,"7":-0.06276445835828781,"8":-0.03563845157623291,"9":0.056450605392456055,"10":0.029460618272423744,"11":0.06206786632537842,"12":0.055703870952129364,"13":0.16935595870018005,"14":0.16939060389995575,"15":0.10575827211141586,"16":0.11938191950321198,"17":0.05874041095376015,"18":0.02215135470032692,"19":-0.0021456493996083736,"20":0.0038386229425668716,"21":0.1419084668159485,"22":-0.0032520105596631765,"23":0.0736478716135025,"24":0.13033224642276764,"25":-0.06200133264064789,"26":0.03599932789802551,"27":0.06287490576505661,"28":-0.01940174400806427,"29":-0.040594130754470825,"30":0.050402313470840454,"31":-0.044727250933647156,"32":0.04661596938967705,"33":-0.023784246295690536}