{"0":-0.27587711811065674,"1":-0.20054465532302856,"2":4.15749979019165,"3":0.42455247044563293,"4":-0.025745639577507973,"5":0.11345834285020828,"6":-0.22126910090446472,"7":0.34341248869895935,"8":3.276050090789795,"9":-0.04996935650706291,"10":-0.7318387627601624,"11":0.026508688926696777,"12":0.7905547618865967,"13":0.00005998654887662269,"14":-0.01978554204106331,"15":0.030763553455471992,"16":-0.059163954108953476,"17":-0.05299263447523117,"18":-0.16294299066066742,"19":-0.12101583927869797,"20":-0.07099775224924088,"21":0.10761477798223495,"22":-0.052381403744220734,"23":-0.10113808512687683,"24":0.02211965061724186,"25":0.03165656328201294,"26":0.00738859735429287,"27":0.024948492646217346,"28":0.08998613059520721,"29":0.11106745898723602,"30":0.5476828813552856,"31":0.46762529015541077,"32":-0.05518589913845062,"33":-0.04152292385697365,"34":0.043581534177064896,"35":0.0006252611638046801,"36":-0.020093228667974472,"37":0.05429563671350479,"38":-0.7291351556777954,"39":-0.005542965140193701,"40":0.021315403282642365,"41":-0.01078387163579464,"42":0.000005611474989564158,"43":0.042248986661434174,"44":-0.0035032902378588915,"45":0.04160190001130104,"46":-0.019330309703946114,"47":0.030491884797811508,"48":0.22992287576198578,"49":-0.0478886254131794,"50":-1.0130629539489746,"51":-0.5488379597663879,"52":-0.042386751621961594,"53":-0.013021497055888176,"54":-0.19378186762332916,"55":-0.03568363934755325,"56":-0.0013606040738523006,"57":0.022999102249741554,"58":0.26546069979667664,"59":0.003847970627248287,"60":-0.039389923214912415,"61":0.026105962693691254,"62":0.06589426845312119,"63":0.07176686078310013,"64":0.03522930294275284,"65":-0.05129664018750191,"66":-0.04976275935769081,"67":0.0029412040021270514,"68":-0.015354739502072334,"69":0.04266418516635895,"70":-1.5466290712356567,"71":0.029934503138065338,"72":0.0026821286883205175,"73":0.05795508995652199,"74":-0.04208826646208763,"75":0.02797051891684532,"76":-0.042340777814388275,"77":0.10163906961679459,"78":-0.0455733947455883,"79":0.08627604693174362,"80":0.6740825176239014,"81":-0.03287588432431221,"82":-0.37055468559265137,"83":-1.6917078495025635,"84":-0.04801112413406372,"85":-0.0057737757451832294,"86":-0.23669350147247314,"87":-0.025982871651649475,"88":-0.05632493272423744,"89":0.0386529378592968,"90":-0.9252837300300598,"91":0.5901145935058594,"92":0.05245188996195793,"93":0.06448560953140259,"94":0.03082982264459133,"95":-0.09789197146892548,"96":0.2811775207519531,"97":-0.08956315368413925,"98":0.4689951241016388,"99":0.21855996549129486,"100":-0.016547752544283867,"101":-0.02102600410580635,"102":0.005184164736419916,"103":-0.26655900478363037,"104":0.25813594460487366,"105":0.018889496102929115,"106":1.3030375242233276,"107":0.015663083642721176,"108":0.4718153178691864,"109":0.030285339802503586,"110":-0.03147464245557785,"111":0.13235561549663544,"112":-0.007852433249354362,"113":-0.01913294941186905,"114":0.10798712074756622,"115":0.05079757422208786,"116":0.09733225405216217,"117":0.06847675889730453,"118":-0.017701134085655212,"119":0.040556568652391434,"120":-0.025203049182891846,"121":0.03278305009007454,"122":-0.19168561697006226,"123":0.07074199616909027,"124":0.0035221371799707413,"125":0.329551637172699,"126":-0.2830512821674347,"127":1.6734801530838013,"128":-2.7429061355121326e-14,"129":3.787791410278345e-14,"130":-1.0058306862100255e-13,"131":1.186524345436887e-14,"132":-2.6200575590400524e-15,"133":-1.560812534719038e-14,"134":-1.7071816237144294e-13,"135":1.0810132628456814e-14,"136":-1.6024846922514657e-14,"137":-7.080071849841418e-15,"138":1.0119261216457159e-14,"139":1.94089248118463e-14,"140":-6.788845193674681e-16,"141":3.709318635803033e-15,"142":-4.2109374763976606e-15,"143":-2.1048480748067297e-14,"144":-3.299788285497651e-14,"145":1.2553177356107448e-14,"146":-7.67480968100892e-14,"147":-3.7919459374780376e-14,"148":5.390729095750002e-14,"149":-1.7636384702906377e-14,"150":2.370212993972956e-14,"151":1.4551944718665943e-14,"152":-5.450795928984772e-15,"153":-6.983982738238996e-15,"154":4.550527299808718e-14,"155":1.9326799885412312e-14,"156":-3.055941730136652e-14,"157":-5.377178177956533e-15,"158":3.314116694833405e-14,"159":-5.75232542805379e-14,"160":-0.16563956439495087,"161":-0.6665670275688171,"162":-0.1416582465171814,"163":-0.04437750205397606,"164":-0.070412777364254,"165":0.30995193123817444,"166":0.16492357850074768,"167":0.024611644446849823,"168":-0.038786809891462326,"169":-0.014112417586147785,"170":0.2855047881603241,"171":0.004356772638857365,"172":0.10295331478118896,"173":0.031399842351675034,"174":-0.1533435583114624,"175":-0.9540222883224487,"176":0.0042470283806324005,"177":-0.2143898755311966,"178":-0.06344594806432724,"179":-0.11926933377981186,"180":0.005082514137029648,"181":-0.12507623434066772,"182":0.09578950703144073,"183":0.06033830717206001,"184":0.00804341584444046,"185":0.1549915224313736,"186":-0.35521838068962097,"187":0.010177085176110268,"188":-1.4926189184188843,"189":0.6854305863380432,"190":2.001699209213257,"191":-0.29626956582069397,"192":-0.012193339876830578,"193":0.005161935929208994,"194":-0.06729048490524292,"195":0.0027968152426183224,"196":0.005461511202156544,"197":0.023755544796586037,"198":2.6581783294677734,"199":0.0013855894794687629,"200":-0.03396113961935043,"201":-0.3855521082878113,"202":-0.008552570827305317,"203":0.2308262437582016,"204":0.008590164594352245,"205":-0.006114523857831955,"206":0.010865341871976852,"207":0.056227486580610275,"208":-0.16303011775016785,"209":-0.0015494095860049129,"210":0.24491895735263824,"211":0.877345621585846,"212":0.010557286441326141,"213":0.5677595138549805,"214":-0.8047391772270203,"215":-1.2577600479125977,"216":-0.010952547192573547,"217":-0.006572159938514233,"218":-0.2616499960422516,"219":-0.11704105138778687,"220":0.055969756096601486,"221":0.06532710790634155,"222":0.10559573024511337,"223":0.06472551822662354,"224":6.501638555875613e-14,"225":1.4996526901691308e-14,"226":-2.1988985475117004e-14,"227":-1.9881898268714207e-15,"228":5.910064816282579e-15,"229":-4.76074105674627e-15,"230":-1.584430015574151e-14,"231":2.2670426869314877e-14,"232":8.374695387039846e-14,"233":-1.3880051503365994e-15,"234":-1.027648493102766e-13,"235":-1.2036953126403314e-14,"236":7.278341341079853e-14,"237":-4.520276026317299e-15,"238":5.348537452911023e-15,"239":5.232048823323402e-15,"240":-4.324373907463146e-14,"241":1.9222142188515465e-14,"242":7.091008315739892e-15,"243":-3.137198888256837e-13,"244":7.424516866106137e-14,"245":-1.8566627361102302e-16,"246":1.3585660543866552e-14,"247":1.165202103640267e-13,"248":3.2485928518359488e-15,"249":-1.770389492286844e-14,"250":6.502983644195853e-14,"251":8.995662016935552e-14,"252":2.397009855347235e-15,"253":-8.804022337278571e-15,"254":5.2675406896594834e-14,"255":-1.1661525423697222e-13,"256":0.007054517511278391,"257":0.13494592905044556,"258":-0.007114836480468512,"259":0.000046969984396127984,"260":0.01913439854979515,"261":-0.13757739961147308,"262":-2.534562349319458,"263":0.006506492383778095,"264":-0.006785853300243616,"265":0.06854866445064545,"266":0.004172937478870153,"267":-0.04347031190991402,"268":-0.012858882546424866,"269":-0.006495112553238869,"270":0.009666278958320618,"271":-0.053512342274188995,"272":0.09298070520162582,"273":0.10475556552410126,"274":0.17555925250053406,"275":3.4503936767578125,"276":1.1574043035507202,"277":-0.24018698930740356,"278":-0.0117864441126585,"279":-0.6691702008247375,"280":0.00879955105483532,"281":-0.0036064095329493284,"282":0.06711310148239136,"283":-0.034186139702796936,"284":0.03192980960011482,"285":-0.04347763583064079,"286":-0.015734871849417686,"287":-0.018046071752905846,"288":-0.6678948998451233,"289":-0.1540519744157791,"290":0.7105855345726013,"291":-0.5024121999740601,"292":-0.030718645080924034,"293":0.06773789972066879,"294":0.01597422920167446,"295":0.1284555345773697,"296":0.6510723829269409,"297":-0.03187648206949234,"298":1.5115065574645996,