{"0":0.10147750377655029,"1":3.618910789489746,"2":2.047004222869873,"3":0.07320194691419601,"4":5.631137847900391,"5":1.7138432264328003,"6":4.150076866149902,"7":10.552413940429688,"8":2.733445644378662,"9":1.905777931213379,"10":-0.14341402053833008,"11":3.015531539916992,"12":-1.5527291297912598,"13":5.229697227478027,"14":3.885467767715454,"15":5.406799793243408,"16":2.9328317642211914,"17":0.16899776458740234,"18":2.093242645263672,"19":3.2489211559295654,"20":5.531182289123535,"21":0.5045652389526367,"22":0.954889178276062,"23":0.45314979553222656,"24":2.585237979888916,"25":3.575140953063965,"26":5.754446029663086,"27":0.3436732292175293,"28":0.7787892818450928,"29":0.5521085262298584,"30":1.9676265716552734,"31":2.0034518241882324}