{"0":0.8319728374481201,"1":2.113748788833618,"2":0.8965334892272949,"3":-0.2177293300628662,"4":-0.2455771565437317,"5":6.510741233825684,"6":1.657924771308899,"7":-0.9773871898651123,"8":3.167762517929077,"9":5.969054698944092,"10":0.5887283682823181,"11":5.105851650238037,"12":0.46132540702819824,"13":0.8907204866409302,"14":2.855255126953125,"15":-0.36332258582115173}