{"0":0.3579752743244171,"1":0.037393201142549515,"2":1.716963291168213,"3":0.6945974826812744,"4":0.03419826924800873,"5":0.4873841106891632,"6":-0.36462700366973877,"7":1.0308409929275513,"8":-0.05433161184191704,"9":0.10391849279403687,"10":-0.3039759397506714,"11":0.690963864326477,"12":0.08533801138401031,"13":0.12290331721305847,"14":0.20598436892032623,"15":0.5898123979568481,"16":0.22135107219219208,"17":0.4856050908565521,"18":0.7914950847625732,"19":0.8241537809371948,"20":-0.18599581718444824,"21":0.01286313682794571,"22":-0.3098105788230896,"23":0.22149784862995148,"24":0.5769100785255432,"25":0.3749586343765259,"26":0.522728443145752,"27":0.07921194285154343,"28":0.3377401828765869,"29":0.5078756809234619,"30":-0.07532286643981934,"31":0.968910276889801,"32":0.5076193809509277,"33":0.5936869382858276,"34":0.059759583324193954,"35":0.49475163221359253,"36":0.867659866809845,"37":0.011242598295211792,"38":-0.25898903608322144,"39":0.09431365132331848,"40":0.45414137840270996,"41":0.3108655512332916,"42":-0.2702648639678955,"43":-1.3245211839675903,"44":0.5684744715690613,"45":0.009443134069442749,"46":0.09790704399347305,"47":0.6361531019210815,"48":0.0952489823102951,"49":0.19127625226974487,"50":0.15951906144618988,"51":0.5288058519363403,"52":0.5405685901641846,"53":0.42610761523246765,"54":0.17169447243213654,"55":0.28539636731147766,"56":-0.0028459876775741577,"57":0.54506915807724,"58":0.05553478002548218,"59":0.6037513017654419,"60":0.13050469756126404,"61":-0.8249269723892212,"62":0.18830889463424683,"63":0.3610047698020935,"64":0.48574042320251465,"65":0.3724571466445923,"66":-1.1624789237976074,"67":0.7049272060394287,"68":0.2595118582248688,"69":0.13476049900054932,"70":-0.058507610112428665,"71":0.001359790563583374,"72":-0.20655854046344757,"73":0.7233245372772217,"74":-0.44690313935279846,"75":0.39068326354026794,"76":0.565917432308197,"77":0.6901037096977234,"78":0.6608988046646118,"79":0.12269990146160126,"80":-0.2605991065502167,"81":0.3208235204219818,"82":0.32800278067588806,"83":-0.0021781115792691708,"84":-0.19149363040924072,"85":0.3163290023803711,"86":-0.2663465142250061,"87":0.26848194003105164,"88":0.45061442255973816,"89":0.39811885356903076,"90":0.045859843492507935,"91":-0.020834602415561676,"92":0.7459111213684082,"93":0.8117698431015015,"94":0.10228137671947479,"95":1.0881149768829346,"96":0.4464038014411926,"97":-0.07503236830234528,"98":0.35596245527267456,"99":0.4381144046783447,"100":0.1274324655532837,"101":-0.26732802391052246,"102":0.06374494731426239,"103":0.27834194898605347,"104":0.2390718162059784,"105":0.7246916890144348,"106":0.7887834310531616,"107":0.47616416215896606,"108":0.8877184987068176,"109":0.5718626379966736,"110":0.037271127104759216,"111":0.2957023084163666,"112":0.5986875295639038,"113":-0.5409337282180786,"114":0.39485710859298706,"115":1.006174921989441,"116":-0.150847926735878,"117":-0.360785573720932,"118":0.6336846947669983,"119":0.5143184065818787,"120":0.516986608505249,"121":0.3728879988193512,"122":0.03474806249141693,"123":0.5533921718597412,"124":0.32876408100128174,"125":-0.10795684903860092,"126":-0.567831814289093,"127":0.29304051399230957,"128":0.6093739867210388,"129":0.4109571874141693,"130":0.7558836936950684,"131":0.8075549006462097,"132":0.1449064463376999,"133":0.46055734157562256,"134":0.11699339002370834,"135":-0.13961029052734375,"136":0.4897598326206207,"137":0.6234620213508606,"138":0.30554306507110596,"139":0.340872585773468,"140":0.5364499688148499,"141":0.48491090536117554,"142":0.3561546206474304,"143":0.38119375705718994,"144":0.43669649958610535,"145":0.29886457324028015,"146":-0.3633672297000885,"147":0.04480605944991112,"148":0.19773580133914948,"149":-0.1399107277393341,"150":0.3878219723701477,"151":0.5680692791938782,"152":-0.1767139583826065,"153":0.22580215334892273,"154":-0.06034268066287041,"155":-0.22286126017570496,"156":0.1484888195991516,"157":0.8143098950386047,"158":0.5541413426399231,"159":0.7594621777534485,"160":0.23081481456756592,"161":0.06792818754911423,"162":0.7632814645767212,"163":-0.2735459506511688,"164":-0.514246940612793,"165":0.5983617901802063,"166":0.032438453286886215,"167":0.3909836411476135,"168":0.6969754695892334,"169":0.1878666877746582,"170":0.36067137122154236,"171":0.3783044219017029,"172":0.7276302576065063,"173":0.7607419490814209,"174":-0.0917695015668869,"175":0.024838268756866455,"176":-0.8510730266571045,"177":0.6284781098365784,"178":0.3807317018508911,"179":-1.0391143560409546,"180":0.8510640859603882,"181":-0.6491727232933044,"182":0.3559114933013916,"183":-0.0025638192892074585,"184":-0.3800475001335144,"185":-1.1215746402740479,"186":0.8565623760223389,"187":-0.07676257193088531,"188":-0.07547324895858765,"189":0.24694225192070007,"190":0.43007874488830566,"191":0.6909835338592529,"192":-0.7336633205413818,"193":-0.3822019696235657,"194":0.24568527936935425,"195":0.004304111003875732,"196":0.5309975147247314,"197":0.058930519968271255,"198":0.33658093214035034,"199":0.3796234726905823,"200":0.04912257194519043,"201":-0.12390215694904327,"202":1.0557533502578735,"203":-0.088470458984375,"204":0.33148258924484253,"205":-0.057623669505119324,"206":0.3886932134628296,"207":-0.0903942659497261,"208":0.34013471007347107,"209":0.31995439529418945,"210":0.41257667541503906,"211":0.36085647344589233,"212":0.1571204513311386,"213":0.9889333248138428,"214":0.5019306540489197,"215":0.16772428154945374,"216":0.7402544617652893,"217":0.05115146189928055,"218":-0.480258584022522,"219":0.9696632027626038,"220":0.13724777102470398,"221":0.31585854291915894,"222":0.28179845213890076,"223":0.1537148356437683,"224":0.5929421186447144,"225":0.5284758806228638,"226":0.26443397998809814,"227":-0.11398519575595856,"228":0.7516934871673584,"229":0.18412891030311584,"230":0.7305247783660889,"231":0.4094594120979309,"232":0.4626058042049408,"233":-0.18169547617435455,"234":-0.38498252630233765,"235":0.3848704993724823,"236":0.5778172612190247,"237":0.19544199109077454,"238":0.4827592372894287,"239":-0.5614923238754272,"240":0.6529607772827148,"241":-0.29842719435691833,"242":0.6121629476547241,"243":0.19285692274570465,"244":0.3898024260997772,"245":0.15827076137065887,"246":0.18505065143108368,"247":0.1219266951084137,"248":0.6420685648918152,"249":0.016031697392463684,"250":0.6609761714935303,"251":0.7019503712654114,"252":0.928436279296875,"253":0.3511272072792053,"254":0.09752071648836136,"255":0.1881449669599533}