{"0":-1.5075774192810059,"1":0.0847029983997345,"2":1.3933155536651611,"3":6.119322776794434,"4":2.0466437339782715,"5":0.6747758388519287,"6":0.2501215934753418,"7":2.004967212677002,"8":0.1537695825099945,"9":5.67083740234375,"10":-4.204264163970947,"11":0.37355637550354004,"12":5.659985542297363,"13":2.8516571521759033,"14":5.839749813079834,"15":0.3552468717098236,"16":0.5204819440841675,"17":0.1106492280960083,"18":-0.9880930781364441,"19":0.8181198835372925,"20":0.1048431396484375,"21":5.584400177001953,"22":7.142664909362793,"23":5.568685531616211,"24":5.927838325500488,"25":3.0103347301483154,"26":2.1135847568511963,"27":-2.5956227779388428,"28":5.579373359680176,"29":3.8498945236206055,"30":4.523136615753174,"31":-0.31689292192459106,"32":0.7653316259384155,"33":0.3514498472213745,"34":8.198676109313965,"35":2.3063197135925293,"36":5.6581711769104,"37":5.671036720275879,"38":0.54388827085495,"39":1.6423044204711914,"40":4.12646484375,"41":1.4025793075561523,"42":4.8013081550598145,"43":0.6586651802062988,"44":0.26805222034454346,"45":-0.10699641704559326,"46":0.06517042964696884,"47":4.950493812561035,"48":6.688966274261475,"49":-1.0637787580490112,"50":-0.3049839735031128,"51":5.569145202636719,"52":1.4123244285583496,"53":0.0028195753693580627,"54":0.5001448392868042,"55":1.03705894947052,"56":0.5459527969360352,"57":4.107844829559326,"58":3.9687747955322266,"59":4.7801642417907715,"60":5.213836669921875,"61":5.2603559494018555,"62":1.4184646606445312,"63":5.707531929016113}