{"0":5.760523319244385,"1":4.160731315612793,"2":-9.404277801513672,"3":2.3855245113372803,"4":4.001974105834961,"5":2.7343201637268066,"6":24.31386375427246,"7":1.8197345733642578,"8":-2.875666618347168,"9":3.386699676513672,"10":-4.438027381896973,"11":2.7220067977905273,"12":-1.1375654935836792,"13":2.0457825660705566,"14":4.455744743347168,"15":5.196901798248291,"16":-4.688113689422607,"17":3.5280725955963135,"18":2.8965790271759033,"19":-5.427884578704834,"20":-2.1774206161499023,"21":1.066774845123291,"22":2.2262377738952637,"23":2.6464591026306152,"24":3.782345771789551,"25":2.68117094039917,"26":4.508902072906494,"27":0.2660634517669678,"28":0.27117955684661865,"29":-0.4823892116546631,"30":-7.99359130859375,"31":6.512333393096924}