{"0":-0.011784562841057777,"1":0.09770359843969345,"2":-0.0029549228493124247,"3":0.09694774448871613,"4":0.22610852122306824,"5":0.30877891182899475,"6":0.09210235625505447,"7":0.7044723629951477,"8":0.46719083189964294,"9":0.6170446276664734,"10":0.2305845022201538,"11":0.32706218957901,"12":0.08155995607376099,"13":0.7242578268051147,"14":0.45570439100265503,"15":0.6277204751968384,"16":0.0623614639043808,"17":0.17819373309612274,"18":0.006744776386767626,"19":-0.11005138605833054,"20":0.1761826127767563,"21":0.007006879895925522,"22":-0.05254390090703964,"23":-0.07026258856058121,"24":0.030006764456629753,"25":0.003794071264564991,"26":0.01123492605984211,"27":0.01043176744133234,"28":0.10256638377904892,"29":0.08640959858894348,"30":-0.00020352024876046926,"31":0.04458804801106453}