{"0":-5.028590679168701,"1":6.083728790283203,"2":-6.653733253479004,"3":2.088637590408325,"4":5.956948280334473,"5":-2.6260194778442383,"6":1.8176343441009521,"7":2.902996301651001,"8":-5.423118591308594,"9":-4.2619476318359375,"10":2.85211181640625,"11":3.516062021255493,"12":-3.4859843254089355,"13":-6.5136518478393555,"14":-3.9282267093658447,"15":1.9220030307769775,"16":0.41504788398742676,"17":-2.579366683959961,"18":2.806812047958374,"19":3.97550630569458,"20":-1.6987085342407227,"21":3.0761561393737793,"22":1.6695520877838135,"23":-6.6675825119018555,"24":-3.2802553176879883,"25":4.1259613037109375,"26":0.2051757574081421,"27":3.265291213989258,"28":0.02719569206237793,"29":-3.47062087059021,"30":5.196786880493164,"31":0.5908420085906982,"32":-5.833377838134766,"33":-0.9245813488960266,"34":5.587863922119141,"35":1.883193016052246,"36":-2.153733253479004,"37":-3.32686710357666,"38":4.7210869789123535,"39":4.66570520401001,"40":15.833425521850586,"41":-14.225533485412598,"42":-7.288735389709473,"43":-13.000081062316895,"44":-1.6286075115203857,"45":4.178203582763672,"46":4.1491899490356445,"47":9.72884750366211,"48":1.6950263977050781,"49":0.7431727647781372,"50":3.5591983795166016,"51":-2.3177876472473145,"52":1.188293695449829,"53":4.525115489959717,"54":-12.893101692199707,"55":6.452358245849609,"56":3.1562938690185547,"57":-1.631568431854248,"58":-5.933879375457764,"59":1.5577805042266846,"60":34.25094985961914,"61":-5.7950968742370605,"62":2.3853871822357178,"63":-4.604672431945801}