{"0":-1.2873400449752808,"1":-1.2257153987884521,"2":0.07770612835884094,"3":-0.3030131757259369,"4":-0.2667027711868286,"5":1.2003602981567383,"6":-0.5357241034507751,"7":1.0308902263641357,"8":0.7117370367050171,"9":0.07812267541885376,"10":-0.2303587645292282,"11":0.27632248401641846,"12":0.6831216216087341,"13":-0.2907298803329468,"14":-0.08650416135787964,"15":0.9278126358985901,"16":-0.6135727167129517,"17":-0.08658888936042786,"18":1.2305063009262085,"19":-1.0179798603057861,"20":-0.3229941427707672,"21":0.8622888326644897,"22":-0.25461962819099426,"23":0.6554245948791504,"24":0.7299010157585144,"25":0.33323803544044495,"26":1.7185980081558228,"27":-1.0890154838562012,"28":0.8415218591690063,"29":-0.4930250644683838,"30":0.9539246559143066,"31":0.29347461462020874,"32":1.1388336420059204,"33":-0.6266822814941406,"34":0.23305784165859222,"35":2.1586005687713623,"36":-0.3304479122161865,"37":0.8266602158546448,"38":-0.4200284481048584,"39":-0.10293233394622803,"40":1.9494963884353638,"41":-0.47774118185043335,"42":0.20691342651844025,"43":0.2762899398803711,"44":0.9047393798828125,"45":0.36905065178871155,"46":0.892133355140686,"47":1.3381562232971191,"48":-1.583725929260254,"49":1.728227138519287,"50":-0.23171761631965637,"51":-0.2818449139595032,"52":1.7179936170578003,"53":1.761282205581665,"54":-0.8767465353012085,"55":0.7539571523666382,"56":0.827431321144104,"57":1.2888131141662598,"58":-0.10583826899528503,"59":-0.49000266194343567,"60":0.9258995652198792,"61":-0.6647000908851624,"62":-0.142757385969162,"63":1.2706758975982666,"64":0.7615779638290405,"65":0.6792782545089722,"66":-0.4142400622367859,"67":1.6381624937057495,"68":0.27006664872169495,"69":1.0827473402023315,"70":0.7214856147766113,"71":0.8696741461753845,"72":0.5753375291824341,"73":0.8109710216522217,"74":-0.24700583517551422,"75":-0.6876749992370605,"76":-0.3645361661911011,"77":0.1371876448392868,"78":1.2025023698806763,"79":-0.7034291625022888,"80":0.7659628987312317,"81":2.0557169914245605,"82":0.8572003245353699,"83":0.6696168184280396,"84":-0.18172219395637512,"85":1.2457767724990845,"86":-0.2640700340270996,"87":1.105538249015808,"88":0.07993976771831512,"89":-0.33594846725463867,"90":-0.019982576370239258,"91":-0.41866374015808105,"92":-0.35363781452178955,"93":-1.3906283378601074,"94":0.5627689361572266,"95":0.6295828819274902,"96":1.1063945293426514,"97":0.7483258247375488,"98":2.133610963821411,"99":-0.32595863938331604,"100":0.9026336073875427,"101":0.6912943124771118,"102":0.23699435591697693,"103":0.18675538897514343,"104":1.1374919414520264,"105":0.01781773567199707,"106":-0.1718617081642151,"107":-0.0032919645309448242,"108":-0.7181763648986816,"109":0.07901652157306671,"110":-0.9176241755485535,"111":-0.1713692545890808,"112":-1.4542245864868164,"113":1.0127341747283936,"114":-0.1342533528804779,"115":-0.3318590223789215,"116":-0.2272876799106598,"117":0.7443530559539795,"118":0.876354455947876,"119":0.6158355474472046,"120":-0.11011914163827896,"121":1.481261968612671,"122":-0.1761319637298584,"123":-1.3176506757736206,"124":1.186738133430481,"125":0.6887086033821106,"126":-0.7125856280326843,"127":0.8998101949691772,"128":-1.2717441320419312,"129":1.0962443351745605,"130":1.08063805103302,"131":1.636430025100708,"132":1.2467074394226074,"133":0.48013538122177124,"134":0.9319822192192078,"135":-0.2314932644367218,"136":-0.35989144444465637,"137":0.7639446258544922,"138":0.8923434019088745,"139":1.1381819248199463,"140":0.979459285736084,"141":1.1946749687194824,"142":-0.19225186109542847,"143":-1.610094666481018,"144":1.6245843172073364,"145":-0.5157673358917236,"146":-0.1536964476108551,"147":-0.30516335368156433,"148":0.28977352380752563,"149":-0.0474085807800293,"150":-0.5725792646408081,"151":0.8358734250068665,"152":0.7785396575927734,"153":-0.1894649863243103,"154":-0.3559727668762207,"155":-0.3886566162109375,"156":0.6003318428993225,"157":1.0694684982299805,"158":-1.4341645240783691,"159":-0.020242169499397278,"160":-0.1454298496246338,"161":-0.9730691313743591,"162":0.14696311950683594,"163":0.5601994395256042,"164":0.564664900302887,"165":-0.19281083345413208,"166":-0.231939435005188,"167":-1.504738688468933,"168":-0.013953745365142822,"169":0.794873058795929,"170":1.1435720920562744,"171":0.05849704146385193,"172":1.127392292022705,"173":0.9186397790908813,"174":0.6738722324371338,"175":0.5304337739944458,"176":-0.43704038858413696,"177":-0.9784377813339233,"178":0.7864834070205688,"179":0.8211443424224854,"180":-0.22369742393493652,"181":-0.3316318392753601,"182":0.13313435018062592,"183":0.593989908695221,"184":-0.26426026225090027,"185":-0.2753298878669739,"186":0.8999656438827515,"187":0.45568445324897766,"188":0.5108059048652649,"189":0.9102458953857422,"190":1.7916427850723267,"191":-0.12314572930335999,"192":-0.34103524684906006,"193":0.7623897194862366,"194":0.5951899290084839,"195":0.5750324130058289,"196":-0.5784145593643188,"197":0.48187485337257385,"198":0.9754308462142944,"199":-1.0154924392700195,"200":1.7754886150360107,"201":1.1220197677612305,"202":0.22571828961372375,"203":-0.3193145990371704,"204":0.6729949712753296,"205":0.9432880878448486,"206":1.5240576267242432,"207":0.2169259786605835,"208":1.2840805053710938,"209":0.4862108826637268,"210":1.3166484832763672,"211":-0.37134361267089844,"212":-0.5384787321090698,"213":-0.44604891538619995,"214":1.1845991611480713,"215":1.3997802734375,"216":1.7499125003814697,"217":1.1463905572891235,"218":0.092261403799057,"219":-0.4662967324256897,"220":0.08738631010055542,"221":1.1362615823745728,"222":0.7412176132202148,"223":-0.9807228446006775,"224":-0.7500545382499695,"225":-1.825516700744629,"226":0.6657905578613281,"227":0.828275203704834,"228":0.577261209487915,"229":0.24567671120166779,"230":-0.9936351776123047,"231":0.8236986398696899,"232":0.63509601354599,"233":0.6315432190895081,"234":-0.32962408661842346,"235":1.1067359447479248,"236":0.4543645977973938,"237":1.712766170501709,"238":1.1048319339752197,"239":0.5572322010993958,"240":-0.6592665314674377,"241":0.6527366042137146,"242":1.2784614562988281,"243":-0.6236022114753723,"244":-0.7366152405738831,"245":-0.4269173741340637,"246":-0.08574169874191284,"247":-0.14010003209114075,"248":1.3925158977508545,"249":-1.0618306398391724,"250":0.9872317314147949,"251":-0.3470362424850464,"252":1.0153632164001465,"253":1.0772029161453247,"254":0.929472804069519,"255":1.0981017351150513}