{"0":3.8338875770568848,"1":3.4676032066345215,"2":4.90241813659668,"3":5.313796520233154,"4":3.803184986114502,"5":-4.607620716094971,"6":-0.33733949065208435,"7":0.4320085048675537,"8":4.0504045486450195,"9":-1.5166043043136597,"10":3.2955989837646484,"11":4.883544921875,"12":5.551304817199707,"13":5.05415153503418,"14":3.6934478282928467,"15":-0.9114683866500854,"16":5.5321125984191895,"17":0.5989274382591248,"18":-0.0018944740295410156,"19":-3.4013779163360596,"20":0.5618242025375366,"21":5.052079200744629,"22":5.009341239929199,"23":-0.2221994400024414,"24":0.13406169414520264,"25":4.52547025680542,"26":3.829713821411133,"27":4.425158977508545,"28":1.0624864101409912,"29":3.297532796859741,"30":4.913525104522705,"31":6.270949363708496,"32":3.0969419479370117,"33":0.06125533580780029,"34":3.3261821269989014,"35":-8.274213790893555,"36":5.156397819519043,"37":5.0571818351745605,"38":-1.8174097537994385,"39":0.8547694683074951,"40":-24.22463035583496,"41":-2.0478787422180176,"42":2.104220151901245,"43":0.534963846206665,"44":-0.6354436874389648,"45":0.36583781242370605,"46":6.764927387237549,"47":1.9953495264053345,"48":3.4915387630462646,"49":39.71379089355469,"50":1.14665687084198,"51":1.5598597526550293,"52":-2.245760202407837,"53":3.498502254486084,"54":-6.53137731552124,"55":0.34676551818847656,"56":2.6112096309661865,"57":4.08401346206665,"58":2.817722797393799,"59":3.2859301567077637,"60":-12.88049602508545,"61":1.4375089406967163,"62":3.2327256202697754,"63":0.01251701544970274}