{"0":-1.764098882675171,"1":-1.6698455810546875,"2":-1.6935378313064575,"3":-1.9069883823394775,"4":-1.7313344478607178,"5":-1.829368233680725,"6":-1.8302372694015503,"7":-1.800390362739563,"8":-1.7957676649093628,"9":-1.833629846572876,"10":-1.8599872589111328,"11":-1.6217477321624756,"12":-1.5976120233535767,"13":-1.6409647464752197,"14":-1.6678558588027954,"15":-1.6144274473190308,"16":-1.6579148769378662}