{"0":2.1799516677856445,"1":-0.36665359139442444,"2":-2.738006353378296,"3":0.7272921800613403,"4":0.34271031618118286,"5":-0.08894042670726776,"6":-0.16998617351055145,"7":3.217728614807129,"8":2.3155293464660645,"9":-0.08070510625839233,"10":-0.2154729664325714,"11":4.501417636871338,"12":-0.2900412380695343,"13":2.5684964656829834,"14":-0.22158145904541016,"15":-0.6471494436264038,"16":1.8198086023330688,"17":1.5577460527420044,"18":3.264479637145996,"19":0.007673367857933044,"20":2.5009608268737793,"21":-0.15034857392311096,"22":2.7367610931396484,"23":0.8973088264465332,"24":0.8193784952163696,"25":0.027840524911880493,"26":0.6342414021492004,"27":0.0032364726066589355,"28":-0.3859339952468872,"29":0.5128632187843323,"30":-3.3690996170043945,"31":0.6919940114021301,"32":0.47732895612716675,"33":-0.7552896738052368,"34":-1.0408490896224976,"35":-1.732357382774353,"36":-0.2647380530834198,"37":0.8805364370346069,"38":0.4617183208465576,"39":0.35810428857803345,"40":-0.10833410173654556,"41":0.27077654004096985,"42":-2.747894525527954,"43":0.2625484764575958,"44":-1.7623968124389648,"45":0.013740785419940948,"46":0.6029714941978455,"47":0.03783802688121796,"48":-0.7674319744110107,"49":0.4850401282310486,"50":3.5510599613189697,"51":2.81099271774292,"52":0.10245417058467865,"53":-2.9987106323242188,"54":0.07708737254142761,"55":2.3810150623321533,"56":-0.1989852339029312,"57":-0.1314716935157776,"58":-0.03693553805351257,"59":0.577771782875061,"60":-0.1297108680009842,"61":0.04163631796836853,"62":-3.0307199954986572,"63":0.8321407437324524,"64":0.3697965443134308,"65":-0.14130422472953796,"66":-3.361365795135498,"67":0.3278404176235199,"68":-0.2977449893951416,"69":0.11838048696517944,"70":0.23952540755271912,"71":-0.010045260190963745,"72":0.33123263716697693,"73":-0.19774195551872253,"74":0.023288004100322723,"75":0.15237009525299072,"76":0.2933071255683899,"77":-0.18908929824829102,"78":0.3713211417198181,"79":0.005304902791976929,"80":-1.7752933502197266,"81":0.011931359767913818,"82":-0.0865962952375412,"83":0.004883825778961182,"84":2.735541820526123,"85":-0.18706199526786804,"86":0.6772682070732117,"87":0.1785646378993988,"88":-0.03924199193716049,"89":0.1813834011554718,"90":0.06648729741573334,"91":2.0181968212127686,"92":0.041951119899749756,"93":0.4270569086074829,"94":-0.15897712111473083,"95":0.7413579225540161,"96":1.6151773929595947,"97":-2.5019454956054688,"98":-0.20148976147174835,"99":-0.3787207007408142,"100":0.5637478232383728,"101":-3.713146686553955,"102":3.0394208431243896,"103":0.7706060409545898,"104":-1.2019683122634888,"105":0.3546266555786133,"106":1.3760653734207153,"107":-0.35405439138412476,"108":-0.1830788105726242,"109":-0.06538410484790802,"110":-0.05436587333679199,"111":0.19878506660461426,"112":3.9744386672973633,"113":0.34620150923728943,"114":0.11980447173118591,"115":-0.18240079283714294,"116":0.2461063712835312,"117":0.08724108338356018,"118":0.46597057580947876,"119":-0.0030362308025360107,"120":0.200313538312912,"121":-0.223628968000412,"122":0.23017266392707825,"123":2.8430871963500977,"124":1.7534010410308838,"125":0.9914438724517822,"126":-0.18272702395915985,"127":0.40361306071281433,"128":-0.14899250864982605,"129":0.9171934127807617,"130":0.1402154564857483,"131":-0.06939560920000076,"132":-2.255082607269287,"133":-0.22081343829631805,"134":3.48750638961792,"135":0.5273516178131104,"136":0.44277244806289673,"137":0.2191324383020401,"138":0.7340471148490906,"139":-0.22893370687961578,"140":-0.7568031549453735,"141":2.648566961288452,"142":-0.06336165964603424,"143":0.29440781474113464,"144":-0.3042799234390259,"145":-1.2696559429168701,"146":0.4037448465824127,"147":-1.5199402570724487,"148":3.7433831691741943,"149":0.6653308868408203,"150":-1.6750752925872803,"151":-0.33283811807632446,"152":1.6697559356689453,"153":-0.1516636312007904,"154":0.7428788542747498,"155":-0.4368717670440674,"156":0.5790313482284546,"157":-0.1228850856423378,"158":0.03957304358482361,"159":-0.22088326513767242,"160":-1.4853160381317139,"161":0.8216758966445923,"162":3.3752737045288086,"163":-2.9537088871002197,"164":3.7165842056274414,"165":-0.7270798087120056,"166":-0.6609591245651245,"167":-0.7982914447784424,"168":-0.08208802342414856,"169":0.23122741281986237,"170":-0.9877463579177856,"171":2.3596982955932617,"172":-0.6036349534988403,"173":-0.32959192991256714,"174":2.8143651485443115,"175":0.6110609769821167,"176":0.0002317465841770172,"177":2.625375986099243,"178":-0.3378736078739166,"179":2.068861722946167,"180":2.0075151920318604,"181":-0.9355698227882385,"182":0.22471439838409424,"183":0.07515399158000946,"184":1.6037343740463257,"185":-0.2796349823474884,"186":2.569589853286743,"187":-0.10465988516807556,"188":-0.25938665866851807,"189":-2.0555882453918457,"190":-2.7112371921539307,"191":-0.2120133489370346,"192":0.7584145069122314,"193":-0.47145047783851624,"194":3.6993250846862793,"195":0.13947445154190063,"196":0.4583783447742462,"197":-2.767033338546753,"198":-3.7305543422698975,"199":-2.5200796127319336,"200":-0.42574211955070496,"201":0.41786515712738037,"202":0.5043128132820129,"203":-0.06681898236274719,"204":-0.16541554033756256,"205":1.2302260398864746,"206":2.6226494312286377,"207":0.38499557971954346,"208":0.4046798646450043,"209":0.07651278376579285,"210":5.249110698699951,"211":0.5322577953338623,"212":1.8998851776123047,"213":-0.24326269328594208,"214":0.9989875555038452,"215":-0.11299749463796616,"216":-0.20898385345935822,"217":0.10500643402338028,"218":4.561036109924316,"219":-0.31441277265548706,"220":0.43829530477523804,"221":-2.0634279251098633,"222":3.783271312713623,"223":0.4408092498779297,"224":-0.009689174592494965,"225":0.38405829668045044,"226":1.2642685174942017,"227":-2.748486280441284,"228":-0.020077921450138092,"229":-0.6482904553413391,"230":0.7857638001441956,"231":0.46348443627357483,"232":-0.36432990431785583,"233":0.6272560954093933,"234":4.516088485717773,"235":0.28450027108192444,"236":0.29624348878860474,"237":1.4851423501968384,"238":0.055067725479602814,"239":-0.13931851089000702,"240":2.9796226024627686,"241":0.3602357506752014,"242":-1.1743547916412354,"243":2.4082181453704834,"244":4.5867743492126465,"245":-2.0992705821990967,"246":1.3807344436645508,"247":0.29476040601730347,"248":0.072847880423069,"249":0.32846784591674805,"250":3.1909844875335693,"251":0.059858351945877075,"252":-2.7938311100006104,"253":0.502669632434845,"254":-0.39619871973991394,"255":0.8410515189170837}