{"0":0.061699576675891876,"1":0.12766782939434052,"2":-0.08026794344186783,"3":-2.261209726333618,"4":0.9621557593345642,"5":-0.046164851635694504,"6":-0.04588144272565842,"7":-0.5153077244758606,"8":-0.13961833715438843,"9":0.0975559800863266,"10":0.09859798848628998,"11":0.5447050929069519,"12":0.2514702081680298,"13":-1.2203232049942017,"14":0.4936670958995819,"15":-0.021894948557019234,"16":-0.0721418634057045,"17":0.14101570844650269,"18":-0.06328225880861282,"19":-0.02911975421011448,"20":-0.05892891064286232,"21":0.1760837733745575,"22":-0.5443227291107178,"23":0.08531917631626129,"24":-1.2577766180038452,"25":-0.31466105580329895,"26":-0.08006352931261063,"27":0.07152573764324188,"28":0.08345101773738861,"29":0.10733744502067566,"30":0.11483205109834671,"31":-0.04860435798764229,"32":0.09988856315612793,"33":-0.061796531081199646,"34":-0.02015557885169983,"35":2.0106263160705566,"36":-1.98330819606781,"37":-0.07247024774551392,"38":-0.07028516381978989,"39":-0.45553135871887207,"40":-0.07870875298976898,"41":-0.12341245263814926,"42":0.14546702802181244,"43":-0.8374492526054382,"44":0.1296614110469818,"45":-1.593809962272644,"46":-0.7179911136627197,"47":-0.07326926290988922,"48":-0.10061053186655045,"49":-0.6612852215766907,"50":-0.0861448124051094,"51":-0.05549012869596481,"52":-0.11282884329557419,"53":0.22367818653583527,"54":-0.4255121946334839,"55":0.1658969223499298,"56":-1.8250205516815186,"57":0.42841625213623047,"58":-0.11764166504144669,"59":0.11956731230020523,"60":0.14076003432273865,"61":0.16586823761463165,"62":0.11192022264003754,"63":-0.06786094605922699,"64":0.043500758707523346,"65":-0.04622632637619972,"66":0.02312563918530941,"67":0.09568708389997482,"68":-0.09476114809513092,"69":0.0035041419323533773,"70":-0.04660499840974808,"71":0.06786239892244339,"72":0.022038115188479424,"73":0.03498417139053345,"74":0.04191373661160469,"75":0.44982796907424927,"76":-0.05883454158902168,"77":-0.7375635504722595,"78":-0.5468149185180664,"79":-0.039006177335977554,"80":-0.07433320581912994,"81":1.2091773748397827,"82":-0.050513043999671936,"83":-0.04929235577583313,"84":-0.07873214036226273,"85":0.13026726245880127,"86":-0.31555604934692383,"87":0.08861551433801651,"88":-0.6597216725349426,"89":0.295053094625473,"90":-0.07804502546787262,"91":0.07553617656230927,"92":0.06762165576219559,"93":0.04112919047474861,"94":0.0904933512210846,"95":-0.04195628687739372,"96":0.09563827514648438,"97":0.543257474899292,"98":-0.10741237550973892,"99":1.8858596086502075,"100":-0.24920912086963654,"101":0.06574881821870804,"102":-0.06804505735635757,"103":-0.6643227934837341,"104":-0.1523953676223755,"105":0.3574608862400055,"106":0.13842621445655823,"107":0.6001839637756348,"108":0.3282667100429535,"109":0.5693631172180176,"110":0.11583986133337021,"111":-0.07111161202192307,"112":-0.1496371030807495,"113":-0.023157775402069092,"114":-0.07456286996603012,"115":-0.023232683539390564,"116":-0.07485543191432953,"117":0.19833816587924957,"118":-0.2574188709259033,"119":0.11203517764806747,"120":1.2497804164886475,"121":1.6019964218139648,"122":-0.14172938466072083,"123":0.1725693643093109,"124":0.17032448947429657,"125":0.20005597174167633,"126":0.17669294774532318,"127":-0.04267636686563492,"128":0.15381036698818207,"129":-0.5813020467758179,"130":-0.05208718404173851,"131":-0.4373748302459717,"132":0.3502659499645233,"133":-0.48347893357276917,"134":-0.07351054251194,"135":-0.6000940203666687,"136":-0.10244906693696976,"137":-0.609937310218811,"138":0.16141684353351593,"139":-0.7095761299133301,"140":0.22988261282444,"141":0.9372619390487671,"142":1.4567331075668335,"143":-0.24301575124263763,"144":-0.20171219110488892,"145":-0.1596091240644455,"146":-0.09910381585359573,"147":-0.06214381381869316,"148":-0.1580611765384674,"149":0.32894816994667053,"150":-0.3450290858745575,"151":0.22283221781253815,"152":1.9267663955688477,"153":1.540197491645813,"154":-0.20017090439796448,"155":0.25494927167892456,"156":0.25997209548950195,"157":0.2725372910499573,"158":0.16706766188144684,"159":-0.08022766560316086,"160":0.044883254915475845,"161":-0.098505899310112,"162":0.027360381558537483,"163":-1.2037620544433594,"164":0.5594255924224854,"165":0.892836332321167,"166":-0.03256109356880188,"167":0.1187748908996582,"168":0.03875214606523514,"169":0.32349780201911926,"170":0.024459561333060265,"171":0.18182510137557983,"172":-0.07706436514854431,"173":0.381784588098526,"174":1.4886020421981812,"175":-0.14344844222068787,"176":-0.12050537019968033,"177":-0.18797016143798828,"178":-0.05078386515378952,"179":-0.06357550621032715,"180":-0.11871431022882462,"181":0.16296251118183136,"182":-0.23757688701152802,"183":0.13207249343395233,"184":0.8921977281570435,"185":0.10905246436595917,"186":-0.12536031007766724,"187":0.14886367321014404,"188":0.12246033549308777,"189":0.030951188877224922,"190":0.12681026756763458,"191":-0.04892410710453987,"192":0.0361848808825016,"193":0.1822236031293869,"194":-0.05593153089284897,"195":0.243329718708992,"196":0.16042843461036682,"197":-0.024139629676938057,"198":-0.033014096319675446,"199":-0.061045799404382706,"200":-0.072567418217659,"201":0.42889001965522766,"202":0.05723586305975914,"203":-0.21158209443092346,"204":0.12674039602279663,"205":0.1881255805492401,"206":0.2425067275762558,"207":-0.02860509790480137,"208":-0.09797358512878418,"209":-0.017429782077670097,"210":-0.04193134605884552,"211":0.0008128660847432911,"212":-0.031060172244906425,"213":0.10400446504354477,"214":-0.43326613306999207,"215":0.06764056533575058,"216":-0.05403056740760803,"217":-1.756946086883545,"218":-0.0815814882516861,"219":0.09782928228378296,"220":0.10521121323108673,"221":0.041930101811885834,"222":0.13870789110660553,"223":-0.038081660866737366,"224":0.057463131844997406,"225":-0.2259596884250641,"226":-0.05148163065314293,"227":-1.3464586734771729,"228":-0.2126561999320984,"229":-0.08394105732440948,"230":-0.026129668578505516,"231":-0.12620455026626587,"232":-0.06935931742191315,"233":-0.4682856798171997,"234":0.047502994537353516,"235":0.06097002699971199,"236":0.13368946313858032,"237":0.34658536314964294,"238":-1.432293176651001,"239":-0.1383926123380661,"240":-0.13259683549404144,"241":-0.18380506336688995,"242":-0.04959268495440483,"243":-0.02657434344291687,"244":-0.08118263632059097,"245":0.18927042186260223,"246":-0.05842028930783272,"247":0.12662681937217712,"248":-0.18889927864074707,"249":-1.583807349205017,"250":-0.12617383897304535,"251":0.15272589027881622,"252":0.152681365609169,"253":0.059851665049791336,"254":0.15080313384532928,"255":-0.05835770443081856,"256":0.007279653567820787,"257":0.04704649746417999,"258":-0.0049323271960020065,"259":1.024449110031128,"260":-0.013646794483065605,"261":0.07020953297615051,"262":-0.005244556814432144,"263":0.11313541233539581,"264":0.023148871958255768,"265":0.08950100094079971,"266":0.010883430950343609,"267":0.09906942397356033,"268":-0.02812994085252285,"269":0.12091907113790512,"270":-1.0183932781219482,"271":-0.09358663856983185,"272":-0.08989915251731873,"273":0.35646748542785645,"274":-0.030131487175822258,"275":-0.03911827504634857,"276":-0.06649614870548248,"277":0.08253216743469238,"278":0.0006379084661602974,"279":0.07855495810508728,"280":0.0011999229900538921,"281":-0.1794327199459076,"282":-0.07626038044691086,"283":0.09353725612163544,"284":0.07718683034181595,"285":0.0026042561512440443,"286":0.11315138638019562,"287":-0.026591908186674118}