{"0":0.1342214047908783,"1":-0.014575502835214138,"2":0.15079818665981293,"3":-0.011521765030920506,"4":-0.8687492609024048,"5":-1.1772669553756714,"6":-0.30536526441574097,"7":-2.6248934268951416,"8":-1.347156047821045,"9":-1.7796661853790283,"10":-0.8629637360572815,"11":-1.167763590812683,"12":-0.28020158410072327,"13":-2.6093358993530273,"14":-1.3399595022201538,"15":-1.785871148109436,"16":-0.10161080211400986,"17":-0.33341601490974426,"18":0.10277096182107925,"19":0.32741469144821167,"20":-0.6919024586677551,"21":-0.3521171510219574,"22":0.13425083458423615,"23":0.06333870440721512,"24":-0.10479758679866791,"25":0.012715272605419159,"26":0.6655368804931641,"27":0.4086741805076599,"28":-0.11806106567382812,"29":-0.018831834197044373,"30":0.1288633793592453,"31":0.01663622260093689}