{"0":0.1295095533132553,"1":0.0004252801008988172,"2":2.4351584911346436,"3":-0.21068249642848969,"4":-2.6524827256499406e-13,"5":-0.08220788091421127,"6":0.6167659759521484,"7":-2.88846014164304e-13,"8":0.14598146080970764,"9":0.35976284742355347,"10":-1.153884388212234e-13,"11":-0.005933183245360851,"12":-0.09623786807060242,"13":-1.3663419354270623e-11,"14":-0.40567243099212646,"15":5.644092506730536e-13,"16":0.0635766014456749,"17":0.028222545981407166,"18":2.5865063667297363,"19":0.3455752432346344,"20":-1.6186224994878262e-13,"21":-0.08039020746946335,"22":0.9783111810684204,"23":-2.457864912031732e-13,"24":0.11575500667095184,"25":-0.06771927326917648,"26":1.0692235806594383e-13,"27":-0.28374621272087097,"28":-0.230813130736351,"29":-6.43231171451597e-12,"30":-0.4641653001308441,"31":4.690882556522558e-13,"32":-0.2432684749364853,"33":-0.009524590335786343,"34":0.8209594488143921,"35":-0.2645905911922455,"36":-8.794609463423642e-13,"37":-0.08340427279472351,"38":0.34155330061912537,"39":-4.953686115818923e-13,"40":-0.019907956942915916,"41":-0.18782535195350647,"42":1.3866197686590587e-13,"43":-0.09000355005264282,"44":0.030942700803279877,"45":-1.2662815240815917e-11,"46":-0.08401798456907272,"47":5.194341051034668e-13,"48":0.2463388890028,"49":-0.009838410653173923,"50":2.8204784393310547,"51":-0.8078190088272095,"52":-6.626439848222976e-13,"53":-0.24324949085712433,"54":0.036016374826431274,"55":-1.4297393022104365e-13,"56":-0.25262537598609924,"57":-0.28019553422927856,"58":1.824627417473107e-13,"59":-0.543445348739624,"60":-0.2957659065723419,"61":-1.9954420060752653e-11,"62":0.1121961772441864,"63":6.164902572811104e-13,"64":0.03918467089533806,"65":-0.13169993460178375,"66":4.613739490509033,"67":1.0762068033218384,"68":-4.883165269711776e-13,"69":-0.2359396070241928,"70":-0.17782197892665863,"71":-3.861893172873304e-13,"72":-0.5273156762123108,"73":0.5796542167663574,"74":3.206172306813304e-13,"75":0.4415781497955322,"76":-0.660866379737854,"77":-8.514793037317503e-12,"78":0.21382549405097961,"79":3.8049416590558993e-13,"80":-0.24963988363742828,"81":-0.009419740177690983,"82":1.0380406379699707,"83":-0.14050227403640747,"84":-1.013491048897086e-12,"85":-0.2730128765106201,"86":0.004471756052225828,"87":-4.428131581031558e-13,"88":-0.11559166759252548,"89":-0.24453750252723694,"90":3.1270618689946406e-13,"91":-0.21523816883563995,"92":0.07293366640806198,"93":-1.2876501080671954e-11,"94":0.020585952326655388,"95":5.77478494710737e-13,"96":-0.06447494775056839,"97":-0.006367674563080072,"98":2.4611258506774902,"99":-0.5755305290222168,"100":-4.396795969842382e-13,"101":-0.10847989469766617,"102":-0.7082990407943726,"103":-2.8022037273055245e-13,"104":0.15317052602767944,"105":-0.025142690166831017,"106":5.305107481784477e-13,"107":-0.3033444285392761,"108":0.017225755378603935,"109":1.4594487727712102e-12,"110":-0.01906525529921055,"111":5.564221501087874e-13,"112":0.04812945798039436,"113":-0.04950781166553497,"114":3.0366103649139404,"115":1.1128921508789062,"116":-4.9636039229543696e-14,"117":-0.02906685322523117,"118":-1.6028776168823242,"119":-4.221652595646358e-13,"120":0.2015181928873062,"121":0.4536387324333191,"122":6.370402794685093e-13,"123":0.16630807518959045,"124":-0.23594017326831818,"125":9.617303481368467e-12,"126":-0.07239320874214172,"127":2.4422984793402713e-13,"128":0.032600149512290955,"129":0.00515917269513011,"130":1.0312871932983398,"131":-0.3940528333187103,"132":-9.212562353602682e-13,"133":-0.11030492186546326,"134":-0.026239311322569847,"135":-4.939027160345832e-13,"136":0.0003548961831256747,"137":-0.3774445056915283,"138":6.09647911580663e-13,"139":-0.12537626922130585,"140":0.08904305845499039,"141":2.32908549217814e-12,"142":-0.0033445400185883045,"143":4.1254142029573115e-13,"144":0.39770984649658203,"145":-0.06401287019252777,"146":-1.6085669994354248,"147":-0.2660020887851715,"148":-2.1788029280073173e-13,"149":-0.07837754487991333,"150":1.2522969245910645,"151":-2.2118724495208408e-13,"152":0.18036587536334991,"153":-0.27795183658599854,"154":-4.824967465497099e-13,"155":0.03328345715999603,"156":1.0827109813690186,"157":3.681540489131052e-11,"158":-0.4480593800544739,"159":5.09616437591176e-13,"160":0.10464536398649216,"161":-0.046870581805706024,"162":-2.1247828006744385,"163":0.41908833384513855,"164":-2.8127063937503916e-13,"165":-0.004951855167746544,"166":1.7917808294296265,"167":-1.6690875705204292e-14,"168":0.18237587809562683,"169":0.351871132850647,"170":-2.7263659537445084e-13,"171":0.5673568844795227,"172":1.2720589637756348,"173":3.79824123541983e-11,"174":-0.6391660571098328,"175":3.9219146051421017e-13,"176":-0.431589275598526,"177":-0.012077131308615208,"178":-0.8343818783760071,"179":0.07382886856794357,"180":-8.599660697092282e-13,"181":-0.03523487225174904,"182":0.4283605217933655,"183":-3.5618638030351923e-13,"184":-0.05792689323425293,"185":-0.2166944295167923,"186":-2.864641033065163e-13,"187":0.026381243020296097,"188":0.5745441317558289,"189":2.6215831588904948e-11,"190":-0.06458111107349396,"191":5.718949077325453e-13,"192":0.6522937417030334,"193":-0.1516391634941101,"194":-2.1324784755706787,"195":-0.6351380944252014,"196":-9.429687933271147e-13,"197":-0.05370953306555748,"198":0.40884929895401,"199":-8.353441636327341e-14,"200":-0.3074856400489807,"201":-0.599257230758667,"202":-3.5789898605517734e-13,"203":0.011792170815169811,"204":1.801554799079895,"205":5.2583236376246845e-11,"206":0.1418790966272354,"207":6.386735758312501e-13,"208":-0.14490728080272675,"209":-0.3502792716026306,"210":-2.7358205318450928,"211":1.011583685874939,"212":-7.264954696856174e-13,"213":-0.05259576067328453,"214":0.4228774905204773,"215":-2.0553765395399382e-13,"216":-0.6671283841133118,"217":0.7761487364768982,"218":-1.1327202874668665e-13,"219":1.3409260511398315,"220":1.9810700416564941,"221":6.130418395144943e-11,"222":0.2403486967086792,"223":4.4265556931738503e-13,"224":-0.5222907066345215,"225":-0.04392301291227341,"226":-0.8815139532089233,"227":-0.1917690932750702,"228":-9.89355515915169e-13,"229":-0.15875014662742615,"230":-0.027849778532981873,"231":-4.219978045390954e-13,"232":-0.12485066801309586,"233":-0.38151687383651733,"234":-2.210846658740398e-13,"235":0.009431739337742329,"236":0.9971365332603455,"237":4.7379902085031844e-11,"238":0.003863860387355089,"239":5.89715288320386e-13,"240":0.1931258738040924,"241":-0.1631053239107132,"242":-1.5930085182189941,"243":-0.20936746895313263,"244":-1.991579644256003e-13,"245":0.049111444503068924,"246":-0.4763474762439728,"247":-3.0017730922454744e-13,"248":0.19537310302257538,"249":-0.28339192271232605,"250":8.049692910936518e-14,"251":0.2317504733800888,"252":0.9216787219047546,"253":3.360512215722089e-11,"254":-0.03993282467126846,"255":5.513409282072168e-13,"256":-0.16205480694770813,"257":-0.32756784558296204,"258":-2.123250722885132,"259":1.0131502151489258,"260":3.3475915724341665e-13,"261":-0.021710410714149475,"262":-1.2910462617874146,"263":-3.0113731603817473e-13,"264":0.17256668210029602,"265":0.5914429426193237,"266":2.998154296444261e-13,"267":0.5924393534660339,"268":1.1025846004486084,"269":3.849335086791861e-11,"270":-0.01113115157932043,"271":3.3112382735907275e-13,"272":-0.0672639012336731,"273":-0.06396199762821198,"274":-0.8534037470817566,"275":-0.5483793616294861,"276":-5.39359193158645e-13,"277":-0.0715184211730957,"278":-0.27281713485717773,"279":-4.4023758163230786e-13,"280":-0.06579466164112091,"281":-0.4927109479904175,"282":2.379546212849526e-13,"283":-0.1266627013683319,"284":0.6547500491142273,"285":2.3510634411527676e-11,"286":0.008975014090538025,"287":4.0545477674076846e-13,"288":0.4167422652244568,"289":0.039434369653463364,"290":-0.6891599893569946,"291":0.05098072439432144,"292":-4.0287705897062986e-14,"293":0.013026713393628597,"294":0.4184989929199219,"295":-1.1470986378651904e-13,"296":0.10111968219280243,"297":0.15083396434783936,"298":-3.724311169791411e-13,"299":-0.14758355915546417,