{"0":1.3093492984771729,"1":3.1439995765686035,"2":3.253575563430786,"3":0.7990034818649292,"4":-1.478399395942688,"5":3.022019147872925,"6":2.9003725051879883,"7":-1.797830581665039,"8":4.072776794433594,"9":2.92683744430542,"10":-1.9622477293014526,"11":1.5802085399627686,"12":1.1459344625473022,"13":-3.7174570560455322,"14":2.7614986896514893,"15":-1.8125406503677368}