{"0":-0.4101603031158447,"1":-0.3794776201248169,"2":-0.35561299324035645,"3":-0.324581503868103,"4":-0.2873845398426056,"5":-0.23468726873397827,"6":-0.2136697620153427,"7":-0.21187575161457062,"8":-0.21037301421165466,"9":-0.20995451509952545,"10":-0.20050977170467377,"11":-0.1881856769323349,"12":-0.17711545526981354,"13":-0.22756549715995789,"14":-0.22543078660964966,"15":-0.2730904519557953,"16":-0.25374770164489746}