{"0":5.301490306854248,"1":0.44729793071746826,"2":0.9392585754394531,"3":2.708134174346924,"4":10.476547241210938,"5":4.681158542633057,"6":0.5995802879333496,"7":-0.6499032974243164,"8":0.2636060118675232,"9":2.1137681007385254,"10":2.0955934524536133,"11":3.065755605697632,"12":5.64123010635376,"13":1.8209619522094727,"14":-6.778177261352539,"15":-1.5263888835906982,"16":-3.2876648902893066,"17":2.888289451599121,"18":1.68661630153656,"19":2.0670809745788574,"20":0.910342812538147,"21":3.6691670417785645,"22":-15.328413009643555,"23":2.186802625656128,"24":-1.0147817134857178,"25":-0.7828344106674194,"26":2.4842333793640137,"27":-2.823911666870117,"28":-1.4415432214736938,"29":1.2558140754699707,"30":4.735503673553467,"31":-24.421127319335938,"32":1.9377080202102661,"33":4.141289234161377,"34":3.617910861968994,"35":-5.006303787231445,"36":4.849688529968262,"37":0.13229233026504517,"38":7.415594577789307,"39":1.016456127166748,"40":11.52893352508545,"41":1.4329029321670532,"42":0.5029489994049072,"43":-0.3124462068080902,"44":30.24569320678711,"45":1.9732036590576172,"46":-3.3144750595092773,"47":0.948589026927948,"48":1.1156697273254395,"49":4.607061862945557,"50":1.0125669240951538,"51":2.5827083587646484,"52":-2.0403594970703125,"53":-19.302425384521484,"54":-0.3105121850967407,"55":1.374808669090271,"56":-6.157307147979736,"57":-0.4467008411884308,"58":1.264316439628601,"59":5.056647300720215,"60":4.150149345397949,"61":-2.257025718688965,"62":-27.71247673034668,"63":6.097554683685303}