{"0":-0.04661122336983681,"1":0.04606247320771217,"2":-0.0484047532081604,"3":0.03831657022237778,"4":0.18886075913906097,"5":0.2560058534145355,"6":0.055067818611860275,"7":0.4802994430065155,"8":0.22821244597434998,"9":0.24809271097183228,"10":0.1876612901687622,"11":0.2531793415546417,"12":0.058741215616464615,"13":0.47711244225502014,"14":0.23051650822162628,"15":0.2495662271976471,"16":0.03653907775878906,"17":0.07787609845399857,"18":-0.041411396116018295,"19":-0.06663303822278976,"20":0.10619518160820007,"21":0.07101012021303177,"22":0.014335828833281994,"23":-0.043642278760671616,"24":0.024299735203385353,"25":0.000178750793565996,"26":-0.11037872731685638,"27":-0.06397499144077301,"28":-0.013275972567498684,"29":0.049223240464925766,"30":-0.014316716231405735,"31":0.007132229395210743}