{"0":-0.15688495337963104,"1":0.1127360537648201,"2":-0.16435475647449493,"3":0.10827502608299255,"4":0.27527695894241333,"5":0.9905633330345154,"6":0.3490992784500122,"7":2.3161227703094482,"8":1.4552761316299438,"9":1.6585685014724731,"10":0.27287063002586365,"11":0.9990527033805847,"12":0.3661206364631653,"13":2.3267123699188232,"14":1.4452828168869019,"15":1.6631473302841187,"16":0.07340474426746368,"17":0.43869757652282715,"18":-0.051089201122522354,"19":-0.42094919085502625,"20":0.035257529467344284,"21":0.10501830279827118,"22":-0.15330290794372559,"23":-0.11545095592737198,"24":0.04331566393375397,"25":-0.00789856817573309,"26":-0.0918009802699089,"27":-0.10938797146081924,"28":0.11993467062711716,"29":0.07320206612348557,"30":-0.046282120048999786,"31":-0.008842101320624352}