{"0":-0.24212582409381866,"1":-0.08658341318368912,"2":-0.08393972367048264,"3":0.012959339655935764,"4":0.01796281896531582,"5":0.10177157074213028,"6":0.09965012967586517,"7":0.06161704286932945,"8":0.053572945296764374,"9":-0.037943433970212936,"10":-0.045159898698329926,"11":0.03578834980726242,"12":0.035017769783735275,"13":0.009260852821171284,"14":0.010046926327049732,"15":0.02918081171810627,"16":0.02699182741343975,"17":-0.0049268691800534725,"18":-0.04112055525183678,"19":0.023800872266292572,"20":0.05716819688677788,"21":-0.05092418193817139,"22":0.10180207341909409,"23":-0.09950830042362213,"24":-0.045911066234111786,"25":0.07018562406301498,"26":-0.014159288257360458,"27":0.007648023311048746,"28":-0.005275225266814232,"29":-0.0017889958107843995,"30":-0.027872882783412933,"31":0.02569197118282318,"32":0.01309107057750225,"33":0.002958611585199833}