{"0":-0.006149966735392809,"1":-0.008266691118478775,"2":-0.008958663791418076,"3":-0.00576672051101923,"4":-0.008748953230679035,"5":-0.00027462345315143466,"6":-0.0003085390490014106,"7":-0.0020576748065650463,"8":-0.0023905918933451176,"9":-0.003039478324353695,"10":0.000017480004316894338,"11":0.0015416896203532815,"12":-0.0009435485699214041,"13":-0.0048750415444374084,"14":-0.0013608714798465371,"15":-0.0053487964905798435,"16":-0.005239253863692284}