{"0":1.1923023462295532,"1":-1.5482099056243896,"2":-1.9522209167480469,"3":1.4438481330871582,"4":1.7152464389801025,"5":-1.195258378982544,"6":-1.1883659362792969,"7":0.00014394521713256836,"8":0.364035040140152,"9":-0.25639644265174866,"10":0.053960442543029785,"11":0.011569857597351074,"12":-1.6218516826629639,"13":-3.0161147117614746,"14":-2.159623384475708,"15":3.728938579559326,"16":2.004603385925293,"17":-0.5029582977294922,"18":1.8194659948349,"19":0.9923228621482849,"20":-0.1205434575676918,"21":0.10183781385421753,"22":3.3472657203674316,"23":-0.1112242341041565,"24":1.8600651025772095,"25":-0.7744830250740051,"26":0.1411377191543579,"27":0.7549355030059814,"28":0.2950383424758911,"29":-1.585655927658081,"30":0.4865347445011139,"31":-0.14740228652954102,"32":-0.016500301659107208,"33":-0.1220778226852417,"34":-0.00010153278708457947,"35":0.04012235254049301,"36":0.4221706986427307,"37":1.8134486675262451,"38":-0.24346762895584106,"39":0.45886123180389404,"40":-0.46428346633911133,"41":-1.82651948928833,"42":-0.07356753945350647,"43":0.3960460126399994,"44":0.08572564274072647,"45":2.2476353645324707,"46":-1.6355111598968506,"47":-0.004438042640686035,"48":-2.0201256275177,"49":2.664206027984619,"50":0.0008321106433868408,"51":-0.00814729928970337,"52":0.07395710796117783,"53":0.7210735082626343,"54":-1.8197498321533203,"55":-0.0004069805145263672,"56":0.017696306109428406,"57":-0.09246021509170532,"58":2.5693747997283936,"59":0.5310564041137695,"60":-1.7640453577041626,"61":0.6781213879585266,"62":0.1566019058227539,"63":-0.5665984749794006,"64":1.012317180633545,"65":0.11963096261024475,"66":-4.7233452796936035,"67":-0.928823709487915,"68":2.294905662536621,"69":-0.09466186165809631,"70":-0.13910871744155884,"71":0.4875636100769043,"72":0.11731427907943726,"73":-0.19741439819335938,"74":0.6577251553535461,"75":-1.0573139190673828,"76":-1.2351256608963013,"77":-0.17390111088752747,"78":0.20426887273788452,"79":2.1092424392700195,"80":4.6901726722717285,"81":-0.15707364678382874,"82":1.4282863140106201,"83":-1.7163175344467163,"84":-0.06464448571205139,"85":0.015805363655090332,"86":-0.16862168908119202,"87":2.527682304382324,"88":-1.5850517749786377,"89":0.3010672628879547,"90":-1.5950627326965332,"91":-0.12639445066452026,"92":0.32998648285865784,"93":-0.0027423501014709473,"94":0.8868141174316406,"95":4.626490116119385,"96":-0.04431268572807312,"97":-0.09120768308639526,"98":1.5208449363708496,"99":5.782618522644043,"100":1.1683669090270996,"101":1.5964791774749756,"102":-1.4509574174880981,"103":0.12766867876052856,"104":-0.0171024352312088,"105":-0.1399855613708496,"106":-0.0002670884132385254,"107":0.3239266276359558,"108":0.055840298533439636,"109":0.8271623849868774,"110":0.14727920293807983,"111":-0.3911919593811035,"112":0.9660542011260986,"113":-0.944186806678772,"114":0.12805254757404327,"115":-0.16816818714141846,"116":-0.6828709840774536,"117":-1.0646568536758423,"118":-2.2507851123809814,"119":-0.19199031591415405,"120":-0.06818890571594238,"121":-1.4967260360717773,"122":-0.13476377725601196,"123":1.4218804836273193,"124":-1.3700871467590332,"125":4.28251838684082,"126":-0.03976578637957573,"127":-0.06182587146759033,"128":-2.1521995067596436,"129":0.7421068549156189,"130":-1.31141197681427,"131":-0.8698538541793823,"132":-0.7127454876899719,"133":-3.384861946105957,"134":-1.523788332939148,"135":-0.6684954166412354,"136":6.37203311920166,"137":3.5596861839294434,"138":5.758758544921875,"139":-0.35943400859832764,"140":-0.023436903953552246,"141":-0.28210198879241943,"142":-0.04818100854754448,"143":-0.9672560095787048,"144":0.3341939449310303,"145":0.4326971769332886,"146":-0.025284528732299805,"147":2.9128785133361816,"148":0.028181612491607666,"149":-0.29868650436401367,"150":-0.12470540404319763,"151":-0.06526884436607361,"152":-0.1522795855998993,"153":0.021401166915893555,"154":-0.4330790042877197,"155":-2.4103012084960938,"156":-0.4691298305988312,"157":-0.036497585475444794,"158":1.8460419178009033,"159":1.2719924449920654,"160":0.10822007060050964,"161":0.6097424030303955,"162":-0.19584514200687408,"163":0.17959779500961304,"164":0.0007846951484680176,"165":-0.02707056701183319,"166":-1.7297322750091553,"167":-0.18983355164527893,"168":-1.6665818691253662,"169":-1.6757683753967285,"170":-3.872394323348999,"171":1.9492974281311035,"172":-1.1668155193328857,"173":-2.028614044189453,"174":0.00273171067237854,"175":2.9186253547668457,"176":0.13789528608322144,"177":-1.8442528247833252,"178":-0.48695021867752075,"179":0.2717052698135376,"180":0.3908657133579254,"181":0.1280461549758911,"182":-0.12036439776420593,"183":-0.30754977464675903,"184":-0.0008317828178405762,"185":-1.4703965187072754,"186":2.0349879264831543,"187":-0.5369774699211121,"188":0.24386616051197052,"189":-1.8494677543640137,"190":-1.1429119110107422,"191":1.5252058506011963,"192":-0.9973082542419434,"193":1.2909570932388306,"194":-0.04600987955927849,"195":-0.6241226196289062,"196":0.5138776302337646,"197":0.000009544193744659424,"198":-0.2835940420627594,"199":-0.7672202587127686,"200":0.384491503238678,"201":-0.6767632961273193,"202":0.18734420835971832,"203":1.7784228324890137,"204":-0.3060915172100067,"205":-0.7747182846069336,"206":3.269326686859131,"207":0.2783515155315399,"208":-0.13680143654346466,"209":2.5912721157073975,"210":-1.1033575534820557,"211":-0.11010061949491501,"212":-0.4153714179992676,"213":1.816306471824646,"214":-0.05753468722105026,"215":0.155349999666214,"216":1.2389734983444214,"217":-0.4716736674308777,"218":0.8676746487617493,"219":-0.28685933351516724,"220":-0.19536447525024414,"221":-1.3267359733581543,"222":-0.0917549580335617,"223":-0.04266919195652008,"224":-0.5712016820907593,"225":1.8159078359603882,"226":0.3381307125091553,"227":-0.05511331558227539,"228":-0.04498538374900818,"229":-0.07855948805809021,"230":-0.8016170263290405,"231":-0.9797292947769165,"232":0.038355037569999695,"233":-0.564470112323761,"234":-0.04413038492202759,"235":0.2818183898925781,"236":-0.4361687898635864,"237":-0.07508048415184021,"238":-1.1640188694000244,"239":-1.1360052824020386,"240":-0.5650225877761841,"241":-0.20297160744667053,"242":0.12989336252212524,"243":-0.4557676315307617,"244":0.24881434440612793,"245":0.40164753794670105,"246":0.13930737972259521,"247":-0.007265627384185791,"248":3.1700048446655273,"249":0.9012067317962646,"250":-0.13713163137435913,"251":-0.21532022953033447,"252":-0.472505122423172,"253":0.44770410656929016,"254":0.05590490996837616,"255":-0.3458661139011383,"256":-3.195721387863159,"257":0.16068652272224426,"258":0.07256554067134857,"259":-0.06767761707305908,"260":-0.06322160363197327,"261":-0.042310893535614014,"262":0.07768139243125916,"263":-0.1174447312951088,"264":0.05503299832344055,"265":0.09475737810134888,"266":-1.2923762798309326,"267":-0.11750376224517822,"268":-1.54324471950531,"269":-0.7281702160835266,"270":-2.736804962158203,"271":-0.05879242718219757,"272":-0.03113234043121338,"273":-0.04681243747472763,"274":-0.7403078079223633,"275":0.43640828132629395,"276":-0.25029420852661133,"277":-0.6020791530609131,"278":-0.051826361566782,"279":-0.8783330917358398,"280":-0.3625495433807373,"281":-0.13360460102558136,"282":-0.44736504554748535,"283":4.967844009399414,"284":-1.5686073303222656,"285":1.7201881408691406,"286":-0.36314862966537476,"287":-2.779331922531128,"288":-0.6302602887153625,"289":-0.9897075891494751,"290":0.5243908166885376,"291":-1.0995123386383057,"292":0.4091530442237854,"293":1.5628693103790283,"294":0.5535252690315247,"295":0.39312922954559326,"296":-0.06287217140197754,"297":-0.09202182292938232,"298":-2.2632246017456055,"299":-0.3504606783390045,"300":0.03835371136665344,"301":-0.011627525091171265,"302":-0.09334118664264679,"303":-0.3301229476928711,"304":-0.0009575188159942627,"305":-1.2288211584091187,"306":-0.01406174898147583,"307":0.35256433486938477,"308":-0.8903462886810303,"309":1.2958710193634033,"310":0.15296781063079834,"311":-2.049135208129883,