{"0":0.32424184679985046,"1":-0.05969934165477753,"2":0.321343332529068,"3":-0.04700571298599243,"4":-1.2388070821762085,"5":-1.286769151687622,"6":-0.4730161726474762,"7":-2.621222972869873,"8":-1.1042979955673218,"9":-1.6905198097229004,"10":-1.218961238861084,"11":-1.2579259872436523,"12":-0.4573068916797638,"13":-2.611837148666382,"14":-1.1062318086624146,"15":-1.6946662664413452,"16":-0.20490381121635437,"17":-0.6141302585601807,"18":0.25066375732421875,"19":0.6361592411994934,"20":-0.9012147188186646,"21":-0.052105359733104706,"22":0.2531597912311554,"23":0.11586234718561172,"24":-0.057667799293994904,"25":0.012948397547006607,"26":0.9542317986488342,"27":0.08044006675481796,"28":-0.23263508081436157,"29":-0.07897579669952393,"30":0.04261033236980438,"31":-0.01244068332016468}