{"0":-0.10900269448757172,"1":0.021663064137101173,"2":-0.005900375545024872,"3":-0.07181578129529953,"4":-0.08208679407835007,"5":-0.457989901304245,"6":-0.4624057114124298,"7":-0.11107061803340912,"8":-0.16313278675079346,"9":0.10847493261098862,"10":0.12018779665231705,"11":-0.024991851300001144,"12":-0.029216960072517395,"13":0.057673901319503784,"14":0.06352458894252777,"15":0.11753623932600021,"16":0.10923364758491516,"17":0.03327082097530365,"18":-0.006908284965902567,"19":0.06642533093690872,"20":-0.18860530853271484,"21":0.18417638540267944,"22":-0.038413628935813904,"23":-0.07471852004528046,"24":0.17389246821403503,"25":-0.15373475849628448,"26":0.05719225853681564,"27":-0.02837371826171875,"28":0.09187914431095123,"29":-0.1188327744603157,"30":0.07789614796638489,"31":0.005820021033287048,"32":0.09970391541719437,"33":0.012815115042030811}