{"0":2.155653953552246,"1":-1.164922833442688,"2":0.467997670173645,"3":-0.12184727191925049,"4":0.3626425266265869,"5":-1.5357924699783325,"6":-1.6479995250701904,"7":-0.39771872758865356,"8":-0.16734585165977478,"9":-0.00008881092071533203,"10":0.027802636846899986,"11":-0.002194821834564209,"12":-0.03430163860321045,"13":1.9330941438674927,"14":-0.08936044573783875,"15":3.69600772857666,"16":1.537782907485962,"17":0.00661015510559082,"18":4.529149532318115,"19":-0.695188045501709,"20":1.2446240186691284,"21":0.4198243021965027,"22":6.497383117675781,"23":0.39255237579345703,"24":-1.685059666633606,"25":0.15258903801441193,"26":-0.6907292604446411,"27":-0.23340582847595215,"28":0.764896035194397,"29":-0.06753475964069366,"30":-1.1105618476867676,"31":-0.3484318256378174,"32":-0.056565895676612854,"33":-0.27626121044158936,"34":1.674095869064331,"35":5.1543402671813965,"36":-1.635058879852295,"37":-0.6410136222839355,"38":-0.4065471887588501,"39":-0.6388575434684753,"40":0.9608808159828186,"41":-0.5160784125328064,"42":1.2936583757400513,"43":1.3650844097137451,"44":-0.6830217838287354,"45":7.597143173217773,"46":-0.7678759694099426,"47":0.06888578832149506,"48":2.4489142894744873,"49":0.3607160151004791,"50":4.102277755737305,"51":-0.23036734759807587,"52":1.3333370685577393,"53":-0.9226391315460205,"54":1.3220335245132446,"55":1.5429362058639526,"56":1.7370820045471191,"57":-0.4323749542236328,"58":-2.9333982467651367,"59":2.3162200450897217,"60":-1.380448341369629,"61":-0.7430831789970398,"62":-2.2378251552581787,"63":4.793381690979004,"64":-1.199967861175537,"65":0.017146319150924683,"66":-2.5251030921936035,"67":4.330993175506592,"68":5.416362285614014,"69":-0.1184343695640564,"70":-0.1535654366016388,"71":-0.40327778458595276,"72":-0.5155238509178162,"73":-0.0021010860800743103,"74":3.1403396129608154,"75":-0.5785940885543823,"76":0.687807559967041,"77":1.1342347860336304,"78":0.10375209897756577,"79":1.7221627235412598,"80":-0.11423051357269287,"81":0.42753762006759644,"82":-0.21361640095710754,"83":-0.0008326470851898193,"84":1.4861681461334229,"85":-1.5442646741867065,"86":-0.9621553421020508,"87":-0.13909628987312317,"88":-0.3560182452201843,"89":3.338313579559326,"90":4.084951400756836,"91":0.5984477400779724,"92":4.476820468902588,"93":-0.10906359553337097,"94":2.863783121109009,"95":1.6773278713226318,"96":1.4098155498504639,"97":-0.4056341052055359,"98":0.39669132232666016,"99":-0.15920495986938477,"100":-0.5765300989151001,"101":0.8262385129928589,"102":0.5288759469985962,"103":1.5009477138519287,"104":-0.17547376453876495,"105":1.7050013542175293,"106":0.35912296175956726,"107":-0.7902770638465881,"108":3.449223279953003,"109":1.6716740131378174,"110":-0.5580443143844604,"111":0.3542892336845398,"112":-0.6918354630470276,"113":-2.4859445095062256,"114":-0.07718667387962341,"115":-0.6535600423812866,"116":0.00014597177505493164,"117":-1.0680713653564453,"118":1.0125914812088013,"119":1.5100793838500977,"120":0.01183629035949707,"121":-0.5035442113876343,"122":-3.556230306625366,"123":3.4850497245788574,"124":0.0902608335018158,"125":2.3120899200439453,"126":0.171269029378891,"127":0.22607511281967163,"128":1.474772572517395,"129":3.8677096366882324,"130":-0.11718010902404785,"131":1.4467636346817017,"132":1.0141754150390625,"133":-0.3231859505176544,"134":-0.04367467761039734,"135":-0.6505316495895386,"136":1.1111189126968384,"137":-0.005583226680755615,"138":0.15806210041046143,"139":0.392270565032959,"140":1.4985933303833008,"141":-0.7199229598045349,"142":0.0004436913877725601,"143":0.10693559050559998,"144":-0.8080479502677917,"145":-0.7383564710617065,"146":1.429636001586914,"147":0.8037477135658264,"148":-1.0995556116104126,"149":-0.01153995469212532,"150":0.571649968624115,"151":-0.38198912143707275,"152":5.761548042297363,"153":-2.17791748046875,"154":-0.8294256925582886,"155":-0.20129328966140747,"156":-0.3169356882572174,"157":0.07586786150932312,"158":-0.9330341815948486,"159":-0.6488900184631348,"160":1.583888053894043,"161":-0.8182008266448975,"162":1.6746141910552979,"163":0.07656823098659515,"164":2.0352563858032227,"165":1.4211585521697998,"166":1.234882116317749,"167":2.1107897758483887,"168":-0.0003261566162109375,"169":-0.12437570095062256,"170":-1.358453631401062,"171":-0.40436887741088867,"172":4.034865856170654,"173":-0.29390662908554077,"174":1.7512271404266357,"175":0.05119049549102783,"176":-0.0008021891117095947,"177":-0.17740070819854736,"178":0.02454245090484619,"179":4.758420944213867,"180":-0.47984743118286133,"181":-0.008627988398075104,"182":0.19437173008918762,"183":2.009023904800415,"184":-0.0008640587329864502,"185":-0.14791640639305115,"186":4.627819538116455,"187":-0.37046584486961365,"188":0.22942811250686646,"189":-0.38821184635162354,"190":0.9214217662811279,"191":0.5282732248306274,"192":0.36506831645965576,"193":2.696660041809082,"194":0.0033439546823501587,"195":1.8846837282180786,"196":3.2260351181030273,"197":-0.20578056573867798,"198":4.074801445007324,"199":2.2885384559631348,"200":0.15158551931381226,"201":2.990140438079834,"202":3.373514175415039,"203":-0.0008576512336730957,"204":-1.00419282913208,"205":1.357136845588684,"206":1.2765452861785889,"207":-1.8233160972595215,"208":-0.47835758328437805,"209":0.0370444655418396,"210":-1.4730497598648071,"211":0.9480310082435608,"212":0.13141393661499023,"213":-1.0617785453796387,"214":0.8579571843147278,"215":2.540283679962158,"216":5.069621562957764,"217":0.6728630065917969,"218":1.5552128553390503,"219":2.1553328037261963,"220":6.064480304718018,"221":-3.342968702316284,"222":-0.0010729432106018066,"223":-1.893003225326538,"224":-2.2738096714019775,"225":1.4383578300476074,"226":-1.3041136264801025,"227":-6.286444664001465,"228":-0.10780954360961914,"229":0.25733935832977295,"230":0.09084081649780273,"231":1.799587368965149,"232":-0.16666534543037415,"233":-0.3328339755535126,"234":-0.78484046459198,"235":-0.4426283836364746,"236":4.585424900054932,"237":4.853400230407715,"238":0.47246652841567993,"239":-0.08181273192167282,"240":-0.8464356064796448,"241":0.6839504837989807,"242":11.740616798400879,"243":0.6449145674705505,"244":-2.0331079959869385,"245":-0.17359581589698792,"246":-0.5203330516815186,"247":0.04215601086616516,"248":-0.8172696828842163,"249":-2.404148817062378,"250":-0.17560535669326782,"251":3.339755058288574,"252":-0.0008563697338104248,"253":0.5713837146759033,"254":1.4320683479309082,"255":-1.1422135829925537}