{"0":0.12593640387058258,"1":0.5093435645103455,"2":-0.2652131915092468,"3":-0.19815322756767273,"4":-0.37166881561279297,"5":0.009007311426103115,"6":-1.9344960451126099,"7":0.9725365042686462,"8":0.018703913316130638,"9":-0.9306378364562988,"10":-0.07336264848709106,"11":1.0063730478286743,"12":-0.21750618517398834,"13":0.417519748210907,"14":-0.20166286826133728,"15":0.7128923535346985,"16":-0.09216208010911942,"17":0.412361204624176,"18":0.00615681242197752,"19":-0.17250989377498627,"20":0.44350165128707886,"21":-0.08879169821739197,"22":-0.13337579369544983,"23":0.08350777626037598,"24":0.34005206823349,"25":-0.28747597336769104,"26":0.23374301195144653,"27":0.37151968479156494,"28":0.3065757155418396,"29":0.5252145528793335,"30":0.42431148886680603,"31":-0.12880736589431763,"32":0.1985304206609726,"33":-0.20099066197872162,"34":0.2664060592651367,"35":0.16589835286140442,"36":0.5733793377876282,"37":-0.3527645468711853,"38":-0.22441190481185913,"39":-1.3527412414550781,"40":0.018077846616506577,"41":-0.18003933131694794,"42":-0.19159062206745148,"43":0.09547457844018936,"44":-0.07847774773836136,"45":0.7650385499000549,"46":0.08792172372341156,"47":0.4273298978805542,"48":0.3399059772491455,"49":-0.2287147045135498,"50":0.10902468860149384,"51":-0.09970661997795105,"52":3.41629695892334,"53":-0.4588637053966522,"54":-0.08012930303812027,"55":-0.10513263940811157,"56":0.31463077664375305,"57":0.2327309548854828,"58":-1.8386189937591553,"59":0.5561904907226562,"60":0.0510823093354702,"61":0.12119816243648529,"62":-0.2499406337738037,"63":-1.3036117553710938,"64":0.14924611151218414,"65":1.4051593542099,"66":-0.2486734688282013,"67":-0.22053693234920502,"68":-0.5435789823532104,"69":-0.15286922454833984,"70":1.039191722869873,"71":-1.948072910308838,"72":0.008162442594766617,"73":-0.47629937529563904,"74":1.016486644744873,"75":2.8226513862609863,"76":-0.18834498524665833,"77":0.5269750356674194,"78":-0.3354770243167877,"79":1.2506049871444702,"80":-0.0901809111237526,"81":0.6242977380752563,"82":-0.9438180923461914,"83":-0.18249903619289398,"84":0.4979272484779358,"85":-0.2594163715839386,"86":-0.15261073410511017,"87":0.15220533311367035,"88":0.33170607686042786,"89":-0.36535874009132385,"90":0.34456920623779297,"91":0.3105527460575104,"92":0.4123741388320923,"93":0.20640787482261658,"94":0.4743519425392151,"95":-0.17992912232875824,"96":0.3831990361213684,"97":-0.3990863561630249,"98":0.4056510925292969,"99":0.24766908586025238,"100":-1.6228076219558716,"101":0.1061258465051651,"102":-0.30395829677581787,"103":-1.5364742279052734,"104":0.04923566058278084,"105":-0.2447500079870224,"106":-0.2186231017112732,"107":0.31013497710227966,"108":-0.06852574646472931,"109":0.005221683997660875,"110":0.0678521990776062,"111":0.6235929727554321,"112":0.588325560092926,"113":0.7449777126312256,"114":0.20331105589866638,"115":-0.11189214140176773,"116":-12.434730529785156,"117":-0.5871960520744324,"118":-0.17588739097118378,"119":-0.2431374192237854,"120":0.4046260416507721,"121":0.3591530919075012,"122":0.4684378206729889,"123":0.6897298693656921,"124":0.0854254961013794,"125":0.31644096970558167,"126":-0.3982550799846649,"127":0.1536862850189209,"128":0.07823759317398071,"129":0.4400672912597656,"130":-0.2892776131629944,"131":-0.15976133942604065,"132":-0.34869682788848877,"133":-0.19971312582492828,"134":0.9415923357009888,"135":0.11656832695007324,"136":0.06254705041646957,"137":1.2901456356048584,"138":0.31553760170936584,"139":1.004245638847351,"140":-0.09144467860460281,"141":0.24040132761001587,"142":-0.18764866888523102,"143":0.7048878073692322,"144":-0.0809457078576088,"145":0.362305223941803,"146":0.9475604295730591,"147":-0.12584435939788818,"148":0.2332485169172287,"149":-0.09260806441307068,"150":-0.03720855340361595,"151":0.09649650007486343,"152":0.12118049710988998,"153":-0.17859244346618652,"154":0.19954505562782288,"155":0.09494124352931976,"156":0.25287720561027527,"157":-0.21487995982170105,"158":0.2774485945701599,"159":-0.0920351892709732,"160":0.2445661425590515,"161":-0.18366621434688568,"162":0.3304500877857208,"163":0.0898127406835556,"164":1.0268625020980835,"165":0.17977385222911835,"166":-0.28434598445892334,"167":-0.6957138180732727,"168":0.053562335669994354,"169":-0.17355135083198547,"170":-0.05106044560670853,"171":0.19325853884220123,"172":-0.04143017902970314,"173":-0.46924689412117004,"174":0.19945205748081207,"175":0.3235047459602356,"176":0.39767733216285706,"177":-0.5186049342155457,"178":0.13049204647541046,"179":-0.09805800020694733,"180":-1.6713050603866577,"181":-0.24084655940532684,"182":-0.1265459507703781,"183":-0.19370874762535095,"184":0.1916067898273468,"185":0.17262686789035797,"186":0.8110517263412476,"187":0.36160945892333984,"188":0.06861486285924911,"189":0.3269508481025696,"190":-0.2040066123008728,"191":0.9985345005989075,"192":0.11305589973926544,"193":-0.47702017426490784,"194":-0.5831698179244995,"195":-0.17458055913448334,"196":0.15266311168670654,"197":0.029896486550569534,"198":-3.4679694175720215,"199":-0.8369940519332886,"200":0.260093092918396,"201":-3.147346258163452,"202":-0.9728342890739441,"203":-0.9239306449890137,"204":-0.2643086314201355,"205":0.4303768575191498,"206":-0.2798878252506256,"207":-0.06386251002550125,"208":-0.11101034283638,"209":0.5249672532081604,"210":0.13490550220012665,"211":-0.10773416608572006,"212":0.5566280484199524,"213":0.44806063175201416,"214":-0.24787504971027374,"215":0.46986061334609985,"216":0.6090137362480164,"217":-0.2940182685852051,"218":0.20321153104305267,"219":0.45852214097976685,"220":0.36788681149482727,"221":0.5024800300598145,"222":0.5324920415878296,"223":-0.1893993765115738,"224":0.17802755534648895,"225":-0.15794043242931366,"226":0.4381124675273895,"227":0.2642152011394501,"228":1.0537312030792236,"229":-0.8842065930366516,"230":-0.38453206419944763,"231":0.8558235764503479,"232":-0.3687748908996582,"233":-0.1718420535326004,"234":-0.32196691632270813,"235":0.35296064615249634,"236":-0.08213602006435394,"237":-0.45055484771728516,"238":0.17900905013084412,"239":0.608798086643219,"240":-0.61052006483078,"241":-0.4337780773639679,"242":0.1528429388999939,"243":-0.11975830048322678,"244":23.366872787475586,"245":-0.7986348867416382,"246":-0.24453718960285187,"247":-0.2334604412317276,"248":0.421086847782135,"249":-0.0937141478061676,"250":-1.1539697647094727,"251":-0.1796572357416153,"252":0.08961322158575058,"253":0.2776055634021759,"254":-0.4012411832809448,"255":-1.8136754035949707,"256":0.16311821341514587,"257":0.12774606049060822,"258":-0.9859561324119568,"259":-0.38505053520202637,"260":0.26326093077659607,"261":-0.22772599756717682,"262":2.133960723876953,"263":-1.1418191194534302,"264":0.2620905935764313,"265":0.38783931732177734,"266":-0.16091912984848022,"267":-0.8795604109764099,"268":-0.31656041741371155,"269":0.6905210614204407,"270":-0.36062362790107727,"271":-0.8205645084381104,"272":-0.09385928511619568,"273":0.5819798707962036,"274":-1.6016216278076172,"275":-0.14002561569213867,"276":0.7097144722938538,"277":0.42403632402420044,"278":-0.2703835368156433,"279":0.8065082430839539,"280":0.736496090888977,"281":-0.4298149049282074,"282":0.41667884588241577,"283":0.2560847997665405,"284":0.601737916469574,"285":0.9100446105003357,"286":0.687086284160614,"287":-0.24933987855911255,"288":0.45650532841682434,"289":-0.35464921593666077,"290":0.6229606866836548,"291":0.4079211354255676,"292":-2.3825950622558594,"293":0.11033023148775101,"294":-0.47275176644325256,"295":1.6477710008621216,"296":-0.5651456713676453,"297":-0.2791931927204132,"298":-0.4048404097557068,"299":0.43365228176116943,"300":-0.1049690991640091,"301":-0.7748028635978699,"302":0.3898845613002777,"303":0.7961943745613098,"304":-0.8761435747146606,"305":1.1833571195602417,"306":0.24390052258968353,"307":-0.13460947573184967,"308":22.718120574951172,"309":-1.040101170539856,"310":-0.17961221933364868,"311":-0.39983782172203064,"312":0.6150123476982117,