{"0":0.004292110912501812,"1":0.01719469390809536,"2":0.003236703807488084,"3":0.0026429742574691772,"4":-0.004791163839399815,"5":0.10767067223787308,"6":0.10104099661111832,"7":0.09827978909015656,"8":0.09835106879472733,"9":0.09697367250919342,"10":0.0928504467010498,"11":0.11399462074041367,"12":0.11439016461372375,"13":0.10460168868303299,"14":0.11752843856811523,"15":0.11782290786504745,"16":0.12267740815877914}