{"0":-0.021594516932964325,"1":0.015997860580682755,"2":0.016549652442336082,"3":-0.0019474534783512354,"4":-0.0037162082735449076,"5":-0.008158719167113304,"6":-0.009837196208536625,"7":0.001464013010263443,"8":0.005869150161743164,"9":0.006806233897805214,"10":0.001765973400324583,"11":0.00848404597491026,"12":0.0068704658187925816,"13":0.0024778752122074366,"14":0.005126920063048601,"15":0.006860423367470503,"16":0.008144086226820946,"17":0.000028232609111000784,"18":-0.006589326076209545,"19":0.0068671731278300285,"20":-0.007851441390812397,"21":0.008096877485513687,"22":0.006996559910476208,"23":-0.0028999438509345055,"24":0.007268193643540144,"25":-0.007915081456303596,"26":0.005835370626300573,"27":-0.0055061327293515205,"28":0.0047743553295731544,"29":-0.004099398385733366,"30":-0.0025116396136581898,"31":0.0012003072770312428,"32":0.002801374765112996,"33":0.0005531394272111356}