{"0":-0.03168967366218567,"1":3.589163303375244,"2":2.506915330886841,"3":0.33972859382629395,"4":-0.00009134411811828613,"5":-0.012532830238342285,"6":3.774000406265259,"7":3.4097821712493896,"8":-0.15811872482299805,"9":-0.1813284158706665,"10":4.096470355987549,"11":-0.28507643938064575,"12":2.195535898208618,"13":3.2271389961242676,"14":-0.013565003871917725,"15":-0.000741422176361084,"16":-0.34151285886764526,"17":-1.3729326725006104,"18":-0.4752194881439209,"19":4.060281276702881,"20":-0.2503535747528076,"21":-0.0001437664031982422,"22":3.3714234828948975,"23":-0.0376276969909668,"24":1.3826074600219727,"25":1.3145079612731934,"26":1.2218965291976929,"27":-0.18621253967285156,"28":-1.002359390258789,"29":2.702645778656006,"30":-0.21548853814601898,"31":2.6413588523864746,"32":-0.14422109723091125,"33":0.13049983978271484,"34":-0.06823951005935669,"35":-0.1666664034128189,"36":-0.037693172693252563,"37":1.9937466382980347,"38":-0.1850951611995697,"39":2.2463159561157227,"40":-2.663905143737793,"41":4.845484733581543,"42":-1.8737297058105469,"43":-0.134385883808136,"44":-0.04210919141769409,"45":-0.07810884714126587,"46":-1.7086108922958374,"47":0.014113515615463257,"48":-0.1280263066291809,"49":-0.33579713106155396,"50":3.404508113861084,"51":-0.08944246172904968,"52":-0.0002554655075073242,"53":1.8170151710510254,"54":-1.3520417213439941,"55":-0.12344402074813843,"56":1.547763466835022,"57":-0.12842878699302673,"58":-6.852417945861816,"59":-0.2087659388780594,"60":1.3451588153839111,"61":3.7478525638580322,"62":2.0166256427764893,"63":-0.14635202288627625,"64":2.863417387008667,"65":1.8494333028793335,"66":-0.0012835264205932617,"67":2.76328182220459,"68":-0.2421530783176422,"69":3.082423210144043,"70":3.1787760257720947,"71":-0.15534669160842896,"72":3.4086289405822754,"73":2.793992519378662,"74":0.03046610951423645,"75":4.917320251464844,"76":0.018947869539260864,"77":-2.0314056873321533,"78":3.273030996322632,"79":3.018296480178833,"80":0.3796084523200989,"81":2.277299404144287,"82":-0.0003282129764556885,"83":-0.04841390252113342,"84":-0.18580210208892822,"85":4.136423587799072,"86":3.965899705886841,"87":-0.12123802304267883,"88":-0.1961880624294281,"89":-0.20022034645080566,"90":-0.014389842748641968,"91":-0.020176857709884644,"92":0.848677396774292,"93":-0.22577407956123352,"94":-0.14393004775047302,"95":-0.00027319788932800293,"96":6.137574195861816,"97":1.5768556594848633,"98":-0.11062803864479065,"99":4.294841289520264,"100":-0.07306498289108276,"101":3.841763734817505,"102":-0.15307217836380005,"103":1.2227046489715576,"104":-0.19426289200782776,"105":-0.11545220017433167,"106":1.9837225675582886,"107":4.759641647338867,"108":2.348379611968994,"109":3.4895784854888916,"110":-0.009759634733200073,"111":-0.09574341773986816,"112":2.0519661903381348,"113":0.04158124327659607,"114":4.408632278442383,"115":2.3731210231781006,"116":-0.05244100093841553,"117":-0.04422402381896973,"118":-0.041155874729156494,"119":-0.4749722480773926,"120":1.4966974258422852,"121":3.345787525177002,"122":1.587522029876709,"123":0.015473902225494385,"124":0.02016139030456543,"125":2.54314923286438,"126":-0.07378987967967987,"127":-0.15457683801651,"128":-3.171320676803589,"129":2.960310935974121,"130":-0.08741495013237,"131":3.6014537811279297,"132":-0.045149654150009155,"133":4.072936058044434,"134":3.6659114360809326,"135":-0.22314810752868652,"136":-0.0003826916217803955,"137":-0.00010827183723449707,"138":4.469110488891602,"139":0.03338867425918579,"140":2.9903666973114014,"141":-0.21896061301231384,"142":2.5709218978881836,"143":4.111042022705078,"144":-0.12279123067855835,"145":-0.05773204565048218,"146":-0.29590776562690735,"147":-0.112376868724823,"148":-0.15905246138572693,"149":4.000347137451172,"150":0.9328367710113525,"151":-1.2277507781982422,"152":1.5652520656585693,"153":2.7497220039367676,"154":2.9355223178863525,"155":1.727646827697754,"156":0.36444929242134094,"157":-0.3109849691390991,"158":2.9596211910247803,"159":-0.9322288036346436,"160":-0.15380272269248962,"161":-0.001301407814025879,"162":1.9911869764328003,"163":-0.1245705783367157,"164":-0.01921999454498291,"165":2.9382336139678955,"166":-0.9677104949951172,"167":-0.005011469125747681,"168":2.099118232727051,"169":2.1739590167999268,"170":-0.42353713512420654,"171":2.285200357437134,"172":-0.21989217400550842,"173":-0.03189271688461304,"174":2.3504638671875,"175":3.5490288734436035,"176":3.810227870941162,"177":0.05449116230010986,"178":-0.0970640480518341,"179":-0.09151449799537659,"180":4.422048568725586,"181":-0.02819293737411499,"182":-0.02323782444000244,"183":-0.04220360517501831,"184":-0.2306489646434784,"185":-0.03972712159156799,"186":-0.5639500617980957,"187":-0.0025348663330078125,"188":-0.02363717555999756,"189":-0.01723325252532959,"190":1.3320372104644775,"191":-0.09617277979850769,"192":-0.13167208433151245,"193":4.5845184326171875,"194":-0.10122770071029663,"195":3.1422033309936523,"196":-0.0833708643913269,"197":-0.15845564007759094,"198":-0.23989534378051758,"199":-0.708908200263977,"200":1.5937460660934448,"201":-0.012954264879226685,"202":3.5288383960723877,"203":-0.001059889793395996,"204":2.698901414871216,"205":-0.1996879130601883,"206":2.170823097229004,"207":-1.371203064918518,"208":3.8801560401916504,"209":-0.07649970054626465,"210":1.431710958480835,"211":4.312255859375,"212":1.7534042596817017,"213":-0.16694653034210205,"214":-0.19868206977844238,"215":3.705629348754883,"216":-0.04884690046310425,"217":-1.0985311269760132,"218":4.390273571014404,"219":-0.13631100952625275,"220":3.3279149532318115,"221":1.8094100952148438,"222":2.691603899002075,"223":2.4935832023620605,"224":0.8055776357650757,"225":-0.04878605902194977,"226":4.946246147155762,"227":-0.11805078387260437,"228":-0.00048288702964782715,"229":-0.12025809288024902,"230":-0.29052966833114624,"231":2.144991159439087,"232":1.4712047576904297,"233":3.993040084838867,"234":-1.2229156494140625,"235":-0.12113186717033386,"236":5.816429615020752,"237":-0.14574262499809265,"238":3.7172629833221436,"239":-0.030565321445465088,"240":3.8065762519836426,"241":-0.05174258351325989,"242":0.11538887023925781,"243":-0.05837184190750122,"244":-0.05853778123855591,"245":0.008574813604354858,"246":0.02573251724243164,"247":-1.1351062059402466,"248":4.29046106338501,"249":-0.32050150632858276,"250":-0.11311221122741699,"251":-0.538848876953125,"252":-0.0018596947193145752,"253":-0.22881540656089783,"254":-0.00006902217864990234,"255":5.442358016967773,"256":-0.01639723777770996,"257":-0.00010091066360473633,"258":-0.0370812714099884,"259":-0.09917707741260529,"260":-0.25875017046928406,"261":1.428404688835144,"262":4.026543617248535,"263":-0.14660540223121643,"264":2.6927738189697266,"265":2.727849006652832,"266":4.159396171569824,"267":-0.177167147397995,"268":0.0026157498359680176,"269":1.5055264234542847,"270":-0.07700106501579285,"271":1.4966261386871338,"272":3.541640043258667,"273":-0.07228454947471619,"274":-0.7042833566665649,"275":0.058077454566955566,"276":-0.2865205407142639,"277":1.21580171585083,"278":-0.17245729267597198,"279":-0.19934341311454773,"280":1.8044023513793945,"281":-0.23737934231758118,"282":-0.17733806371688843,"283":-0.11907446384429932,"284":-0.020393460988998413,"285":-0.34698742628097534,"286":0.03175972402095795,"287":-0.09793803095817566,"288":4.559001922607422,"289":3.7999277114868164,"290":-0.14283868670463562,"291":1.8316926956176758,"292":-0.19443508982658386,"293":4.101683139801025,"294":2.3500423431396484,"295":-0.11678224802017212,"296":-0.15198886394500732,"297":-0.1972694993019104,"298":4.8891401290893555,"299":-0.0837545096874237,"300":5.292318820953369,"301":-0.6350295543670654,"302":-0.1042087972164154,"303":3.9773006439208984,"304":0.008151382207870483,"305":1.5046970844268799,"306":-0.10111743211746216,"307":0.2948119640350342,"308":2.3341195583343506,"309":1.6690683364868164,"310":3.422762393951416,"311":-0.019890546798706055,"312":-0.09177291393280029,