{"0":0.003164345631375909,"1":0.04348238557577133,"2":-0.03958950564265251,"3":-0.02284015156328678,"4":0.017345651984214783,"5":0.08565272390842438,"6":-0.0024053039960563183,"7":-0.01806327886879444,"8":-0.008683801628649235,"9":0.005784783978015184,"10":0.005008648615330458,"11":0.09876800328493118,"12":0.01730947196483612,"13":0.04135291650891304,"14":0.07472545653581619,"15":0.10387764871120453,"16":0.02182038687169552,"17":0.015845801681280136,"18":-0.025836896151304245,"19":-0.0386621318757534,"20":-0.010994658805429935,"21":-0.04506229981780052,"22":0.05838926509022713,"23":0.02182004787027836,"24":0.07983870804309845,"25":0.051696695387363434,"26":0.010888592340052128,"27":-0.025284793227910995,"28":-0.0803777202963829,"29":0.02770642377436161,"30":0.008043020963668823,"31":0.012659729458391666,"32":-0.034881819039583206,"33":-0.0141600975766778,"34":-0.04223042353987694,"35":-0.1849861592054367,"36":-0.05143549665808678,"37":0.004893437027931213,"38":0.02805737964808941,"39":0.014115782454609871,"40":0.032413262873888016,"41":0.013683694414794445,"42":0.01842878758907318,"43":0.015099790878593922,"44":-0.017886027693748474,"45":0.03981662914156914,"46":0.05913638323545456,"47":0.005807630252093077,"48":0.030838225036859512,"49":-0.011046025902032852,"50":-0.011286287568509579,"51":-0.04531222954392433,"52":0.037962406873703,"53":-0.01955549605190754,"54":-0.00024046142061706632,"55":0.10163219273090363,"56":-0.12055473029613495,"57":0.020215678960084915,"58":-0.014028803445398808,"59":-0.005672876723110676,"60":-0.3662112355232239,"61":0.0009979972383007407,"62":-0.004393140319734812,"63":0.00032306858338415623,"64":-0.002563140355050564,"65":-0.010160626843571663,"66":-0.0012454160023480654,"67":0.12389281392097473,"68":-0.05841837078332901,"69":0.03234172612428665,"70":0.018406523391604424,"71":-0.015407378785312176,"72":2.914552927017212,"73":-0.012505983002483845,"74":-0.03489627689123154,"75":0.010704094544053078,"76":0.00459599494934082,"77":-0.06744042783975601,"78":0.012257262133061886,"79":-0.05440586432814598,"80":0.0058072530664503574,"81":-0.04226566106081009,"82":0.0011115404777228832,"83":0.01593671925365925,"84":-0.0016204641433432698,"85":-0.04500434547662735,"86":0.07856318354606628,"87":0.0462334118783474,"88":-0.04275768622756004,"89":0.005194210447371006,"90":-0.029310384765267372,"91":0.01020866446197033,"92":-0.006947203539311886,"93":0.049058910459280014,"94":0.03106173872947693,"95":-0.02825947478413582,"96":-0.10708079487085342,"97":0.04064417630434036,"98":0.0016748177586123347,"99":-0.002046113833785057,"100":-0.0007145742420107126,"101":-0.0038946010172367096,"102":0.009629926644265652,"103":0.008601760491728783,"104":-0.057415999472141266,"105":0.006698222365230322,"106":0.43211281299591064,"107":-0.007346788886934519,"108":0.005362541414797306,"109":0.02461233362555504,"110":0.009143746457993984,"111":-0.03850386664271355,"112":-0.025769207626581192,"113":0.12827526032924652,"114":0.05210968479514122,"115":-0.10129364579916,"116":0.02683665044605732,"117":-0.025469694286584854,"118":-0.07412832230329514,"119":0.014823181554675102,"120":0.0653143972158432,"121":0.09266958385705948,"122":-0.005751548334956169,"123":2.9570631980895996,"124":0.05528267100453377,"125":-0.11412246525287628,"126":-0.010873152874410152,"127":0.036072034388780594,"128":0.011017052456736565,"129":-0.0035565297584980726,"130":0.016390275210142136,"131":0.002313076052814722,"132":0.028572119772434235,"133":0.034339141100645065,"134":0.012898906134068966,"135":-0.10789349675178528,"136":-0.011592972092330456,"137":-0.01298967469483614,"138":0.09877870231866837,"139":0.050754424184560776,"140":0.03542385995388031,"141":0.026605738326907158,"142":1.2897968915126512e-8,"143":0.01571963168680668,"144":0.007036377210170031,"145":0.0076738703064620495,"146":0.048040714114904404,"147":-0.024182641878724098,"148":-0.0005782506195828319,"149":0.1628725528717041,"150":0.1512364000082016,"151":-0.037671346217393875,"152":0.05203818902373314,"153":0.26642531156539917,"154":-0.08239971101284027,"155":0.21655267477035522,"156":0.054508551955223083,"157":-0.027031216770410538,"158":0.01936783641576767,"159":-0.008638551458716393,"160":0.006948173977434635,"161":-0.012167598120868206,"162":0.00857622642070055,"163":0.04032975807785988,"164":-0.020389091223478317,"165":-0.019063901156187057,"166":-0.022537270560860634,"167":0.03201596438884735,"168":-0.013567285612225533,"169":0.021816318854689598,"170":0.06336881220340729,"171":0.04902765154838562,"172":-0.05611226335167885,"173":0.04292485490441322,"174":0.24966567754745483,"175":-0.014903095550835133,"176":-0.004454119596630335,"177":0.01022386271506548,"178":-0.026045527309179306,"179":-0.02182765305042267,"180":0.030468598008155823,"181":0.034424301236867905,"182":0.00967226643115282,"183":0.5353813767433167,"184":-0.06410551071166992,"185":-0.02470882423222065,"186":-0.012955088168382645,"187":0.03842336684465408,"188":0.03565538674592972,"189":0.011881870217621326,"190":0.025338292121887207,"191":0.0076081231236457825,"192":0.016596224159002304,"193":-0.003930971492081881,"194":0.003145165741443634,"195":-0.11768045276403427,"196":0.034893445670604706,"197":0.3004423975944519,"198":-0.10843627899885178,"199":0.049616698175668716,"200":-0.11039987951517105,"201":-0.14818693697452545,"202":-0.05029706284403801,"203":0.009967079386115074,"204":-0.0609503872692585,"205":0.09519607573747635,"206":0.055411238223314285,"207":-0.03309491276741028,"208":-0.0012643797090277076,"209":0.023532573133707047,"210":-0.12549658119678497,"211":0.0032136295922100544,"212":0.021641235798597336,"213":-0.006246528588235378,"214":0.038623612374067307,"215":0.05336739495396614,"216":0.028207186609506607,"217":0.05919361859560013,"218":-0.018906045705080032,"219":-0.1012846976518631,"220":0.05625079572200775,"221":0.018700484186410904,"222":0.0023509315215051174,"223":-0.07048279792070389,"224":0.0014312249841168523,"225":0.001937597757205367,"226":0.1996256560087204,"227":0.030344175174832344,"228":-0.056766327470541,"229":0.016646910458803177,"230":-0.050546783953905106,"231":0.010130771435797215,"232":-0.00022149636060930789,"233":-0.12879326939582825,"234":0.016006626188755035,"235":-0.38557085394859314,"236":-0.07058866322040558,"237":-0.008799070492386818,"238":-0.00012938636064063758,"239":0.041715141385793686,"240":0.0007103732787072659,"241":-0.024310367181897163,"242":-0.03642622008919716,"243":0.10662512481212616,"244":-0.028126109391450882,"245":0.012468983419239521,"246":0.00856753159314394,"247":0.03538043424487114,"248":0.02792976051568985,"249":-0.04861411824822426,"250":-0.005336835514754057,"251":0.09578092396259308,"252":0.03763550892472267,"253":-0.016610367223620415,"254":-0.007970042526721954,"255":-0.01904086396098137,"256":0.012120620347559452,"257":-0.08830124884843826,"258":0.007514560595154762,"259":0.043934181332588196,"260":-0.10029814392328262,"261":0.02210579812526703,"262":-0.027890125289559364,"263":0.009025978855788708,"264":0.07741273939609528,"265":0.045660484582185745,"266":0.11040189117193222,"267":-0.011090015061199665,"268":0.11773207038640976,"269":-0.0061939009465277195,"270":0.0368163175880909,"271":0.011905866675078869,"272":0.04644152149558067,"273":0.03231080248951912,"274":-0.057812053710222244,"275":-0.007827416062355042,"276":0.04269905760884285,"277":0.08902504295110703,"278":-0.01818743348121643,"279":0.005806284490972757,"280":0.03980134800076485,"281":-0.031062709167599678,"282":-0.02574353665113449,"283":-0.07633142918348312,"284":0.007303552236407995,"285":0.0054712677374482155,"286":0.004558997228741646,"287":-0.03138962388038635,"288":-0.006882915738970041,"289":0.00914700422435999,"290":-0.010249058715999126,"291":-0.02985723316669464,"292":0.029447320848703384,"293":0.0324849933385849,"294":-0.014035935513675213,"295":0.0009447337943129241,"296":-0.018960677087306976,"297":0.0026045781560242176,"298":0.03928373381495476,"299":-0.10440719872713089,