{"0":-0.0016079843044281006,"1":-0.00645756721496582,"2":0.06211966276168823,"3":-0.1028900146484375,"4":4.750741958618164,"5":-0.5781068801879883,"6":-0.04912358522415161,"7":2.529691696166992,"8":-0.0030510425567626953,"9":4.990385055541992,"10":-0.0021556615829467773,"11":1.89943528175354,"12":4.2190842628479,"13":-0.004851222038269043,"14":-0.008597970008850098,"15":-0.050668954849243164,"16":0.40377017855644226,"17":2.7770636081695557,"18":-0.10757392644882202,"19":3.738525629043579,"20":-0.0035909414291381836,"21":-0.07150037586688995,"22":8.154348373413086,"23":-0.04676365852355957,"24":6.24936580657959,"25":-0.0005077123641967773,"26":8.293522834777832,"27":-0.00070953369140625,"28":-0.35474807024002075,"29":-0.00032079219818115234,"30":0.7681335210800171,"31":-0.028586268424987793,"32":-1.2088488340377808,"33":-0.08763593435287476,"34":-0.005319356918334961,"35":4.315127849578857,"36":5.783003330230713,"37":0.07754623889923096,"38":3.190220355987549,"39":-0.11198711395263672,"40":-0.0012431144714355469,"41":3.0188920497894287,"42":3.19880747795105,"43":0.06161463260650635,"44":-0.07003438472747803,"45":-0.12884533405303955,"46":-0.15059113502502441,"47":3.8158512115478516,"48":-0.08204883337020874,"49":7.4174580574035645,"50":0.00030553340911865234,"51":-0.46108901500701904,"52":-0.5678737163543701,"53":2.7737910747528076,"54":0.0511775016784668,"55":3.0834524631500244,"56":2.739746570587158,"57":2.631078004837036,"58":4.059998035430908,"59":8.397920608520508,"60":0.9383119940757751,"61":-0.18258166313171387,"62":-0.14789825677871704,"63":-1.1956816911697388,"64":-0.38460808992385864,"65":-0.04564511775970459,"66":-0.0833430290222168,"67":-0.01787257194519043,"68":-0.019688963890075684,"69":-0.2224450558423996,"70":3.4183616638183594,"71":-0.006017506122589111,"72":-0.40164458751678467,"73":7.636294364929199,"74":0.1278841495513916,"75":2.506578207015991,"76":2.5501646995544434,"77":-0.027960777282714844,"78":2.670867681503296,"79":-0.03737062215805054,"80":-1.7792510986328125,"81":3.4577836990356445,"82":-0.001189112663269043,"83":-2.2078804969787598,"84":3.5086514949798584,"85":3.278907537460327,"86":3.776675224304199,"87":6.517775535583496,"88":3.0371322631835938,"89":-0.0009058117866516113,"90":-0.20009005069732666,"91":4.022292137145996,"92":0.24117867648601532,"93":3.175147533416748,"94":3.490009307861328,"95":0.6475160717964172,"96":-16.000160217285156,"97":-0.0040435791015625,"98":3.1070899963378906,"99":7.558810234069824,"100":-0.0020645856857299805,"101":1.466566562652588,"102":4.249394416809082,"103":-0.2350325584411621,"104":-0.00005620718002319336,"105":-0.021251022815704346,"106":3.928896427154541,"107":-0.0013382434844970703,"108":3.226104259490967,"109":2.5555927753448486,"110":0.5244972705841064,"111":-0.5894836187362671,"112":-0.008000969886779785,"113":-0.0862312912940979,"114":-0.0003192424774169922,"115":-0.0028476715087890625,"116":0.010712027549743652,"117":-0.06336981058120728,"118":0.08267223834991455,"119":1.2059848308563232,"120":1.5829472541809082,"121":2.9407010078430176,"122":-0.029059112071990967,"123":3.270094633102417,"124":4.01073694229126,"125":2.4749326705932617,"126":-0.24691659212112427,"127":-0.11908066272735596}