{"0":-0.11581207066774368,"1":0.12159910053014755,"2":0.1203870102763176,"3":0.05735718831419945,"4":0.05890088900923729,"5":-0.07719298452138901,"6":-0.07917824387550354,"7":0.010514647699892521,"8":0.005920571740716696,"9":0.0030997893773019314,"10":0.0007418722379952669,"11":0.004177315626293421,"12":0.004826761316508055,"13":0.016014546155929565,"14":0.015193392522633076,"15":0.008383275009691715,"16":0.01020750217139721,"17":0.006192515138536692,"18":-0.03644397482275963,"19":0.03762773796916008,"20":-0.048578210175037384,"21":0.0467437282204628,"22":0.0071535417810082436,"23":-0.0007453482248820364,"24":0.029708992689847946,"25":-0.025116119533777237,"26":0.023862071335315704,"27":-0.017781926319003105,"28":0.005381036549806595,"29":0.010920838452875614,"30":-0.004212336614727974,"31":-0.0016047481913119555,"32":0.007249786052852869,"33":-0.0015122389886528254}