{"0":1.6634591817855835,"1":2.698324680328369,"2":-1.5782126188278198,"3":0.5795125961303711,"4":-2.0181708335876465,"5":4.850861072540283,"6":-0.08761447668075562,"7":-1.0786112546920776,"8":0.3401842713356018,"9":-2.2471542358398438,"10":-1.086959958076477,"11":0.4805133640766144,"12":-0.32844263315200806,"13":-2.365506887435913,"14":-0.4491247534751892,"15":-4.663110256195068,"16":2.168123722076416,"17":1.527461051940918,"18":1.4620096683502197,"19":-0.7201387882232666,"20":0.7727912664413452,"21":-3.488677740097046,"22":-1.1456291675567627,"23":-5.394432067871094,"24":-0.6614932417869568,"25":-2.5275979042053223,"26":2.5022737979888916,"27":-3.8309736251831055,"28":0.13726583123207092,"29":-0.686549186706543,"30":2.106318712234497,"31":-0.5477831363677979,"32":-0.781173050403595,"33":-0.8052359819412231,"34":-0.2923339009284973,"35":-1.2923839092254639,"36":1.1536322832107544,"37":-0.0020191073417663574,"38":-0.37589535117149353,"39":-1.1891262531280518,"40":-2.863560676574707,"41":-0.8742055892944336,"42":0.960885226726532,"43":-2.309722661972046,"44":-4.023114204406738,"45":-0.8401737213134766,"46":-0.047693848609924316,"47":-2.8364620208740234,"48":4.040106773376465,"49":-0.0073220133781433105,"50":-0.9321819543838501,"51":-0.13072603940963745,"52":0.24088022112846375,"53":0.42264679074287415,"54":1.9436522722244263,"55":-0.32131877541542053,"56":0.88429194688797,"57":-0.6300647854804993,"58":-0.8794223666191101,"59":0.04804268479347229,"60":-0.21673956513404846,"61":0.6756047010421753,"62":-0.6745477914810181,"63":-0.3796401023864746,"64":-1.8344697952270508,"65":3.696990489959717,"66":-3.020751953125,"67":0.08974546194076538,"68":4.175795555114746,"69":0.015572179108858109,"70":-3.328784227371216,"71":4.997993469238281,"72":-1.7302443981170654,"73":-1.3300710916519165,"74":-0.1398218870162964,"75":-0.013526231050491333,"76":1.4911768436431885,"77":-0.1657680869102478,"78":-0.4927682876586914,"79":0.8898626565933228,"80":-7.009640216827393,"81":-0.7133362889289856,"82":-0.4701801538467407,"83":3.1724305152893066,"84":2.2352898120880127,"85":-0.4582357108592987,"86":1.7397327423095703,"87":-3.9717764854431152,"88":-2.353206157684326,"89":0.6870045065879822,"90":4.216531753540039,"91":2.9268081188201904,"92":-1.6643409729003906,"93":2.302767753601074,"94":-0.0003325939178466797,"95":0.40340882539749146,"96":-2.286057949066162,"97":-0.040436506271362305,"98":-1.7135226726531982,"99":-0.9082721471786499,"100":-1.3507715463638306,"101":1.2174139022827148,"102":-0.03505861759185791,"103":1.974162220954895,"104":5.756196975708008,"105":-6.773706912994385,"106":-0.05428421497344971,"107":-0.005443990230560303,"108":0.6306495070457458,"109":4.291201591491699,"110":1.658720850944519,"111":-0.7265636920928955,"112":-1.1308096647262573,"113":-0.9898995161056519,"114":1.4634075164794922,"115":-2.096156597137451,"116":0.36813098192214966,"117":-3.7443437576293945,"118":0.24025985598564148,"119":2.59674334526062,"120":-0.5897660255432129,"121":-2.089721918106079,"122":-1.4587879180908203,"123":-0.4123162627220154,"124":6.9465765953063965,"125":3.1252169609069824,"126":1.726261019706726,"127":-0.552359938621521,"128":3.755323886871338,"129":-0.6804109215736389,"130":2.8231358528137207,"131":0.14212483167648315,"132":-0.24832035601139069,"133":-0.06329798698425293,"134":-0.4668508470058441,"135":3.3426284790039062,"136":-2.3925769329071045,"137":-1.0794841051101685,"138":2.947902202606201,"139":-2.9940547943115234,"140":1.507629156112671,"141":0.0019502639770507812,"142":-0.0785709023475647,"143":0.6721981167793274,"144":5.761137008666992,"145":1.4338346719741821,"146":-0.10174155235290527,"147":4.6988935470581055,"148":4.196295261383057,"149":0.5645114779472351,"150":0.5542817711830139,"151":-3.142925977706909,"152":5.189312934875488,"153":3.8003296852111816,"154":-2.770731210708618,"155":-0.5500718355178833,"156":-3.49863338470459,"157":-0.04560282826423645,"158":2.8531887531280518,"159":-0.2409687042236328,"160":3.748169183731079,"161":-3.130258560180664,"162":1.5580559968948364,"163":-1.120912790298462,"164":-1.1354031562805176,"165":-3.1027896404266357,"166":0.9783288836479187,"167":0.463469922542572,"168":-0.6108556985855103,"169":3.44747257232666,"170":1.7561655044555664,"171":-0.353344202041626,"172":-3.9067890644073486,"173":2.7319202423095703,"174":0.25612932443618774,"175":-0.5020389556884766,"176":-1.973473310470581,"177":-1.5422040224075317,"178":1.270046591758728,"179":-0.723977267742157,"180":-1.0279946327209473,"181":-0.04562187194824219,"182":-3.6972532272338867,"183":-0.00022733211517333984,"184":4.070521354675293,"185":-1.4412810802459717,"186":-3.6013364791870117,"187":4.2145161628723145,"188":-2.6125752925872803,"189":-0.3799043297767639,"190":2.0428547859191895,"191":5.665712356567383,"192":-0.8743804693222046,"193":-4.930417060852051,"194":-0.48395973443984985,"195":-2.0127408504486084,"196":1.745025396347046,"197":-3.7410836219787598,"198":4.525083065032959,"199":1.1862640380859375,"200":3.4161407947540283,"201":0.8177974224090576,"202":-1.9072049856185913,"203":-0.7508023977279663,"204":-1.7078396081924438,"205":2.6220335960388184,"206":-2.003337860107422,"207":-1.8640835285186768,"208":-1.1347635984420776,"209":2.4946625232696533,"210":-0.486970454454422,"211":-1.6994907855987549,"212":0.6456298828125,"213":3.68032169342041,"214":-4.563414573669434,"215":2.2584428787231445,"216":-2.496002197265625,"217":4.752668380737305,"218":-0.4556652903556824,"219":5.178898334503174,"220":-0.4478549063205719,"221":-1.8853967189788818,"222":-0.8289834260940552,"223":-1.9111251831054688,"224":-0.7433622479438782,"225":2.42032527923584,"226":-3.15952467918396,"227":-3.3641927242279053,"228":-0.007057875394821167,"229":-0.39742258191108704,"230":-0.5571090579032898,"231":2.5449929237365723,"232":-2.05131459236145,"233":1.7578140497207642,"234":0.8085322380065918,"235":-10.136529922485352,"236":1.365903377532959,"237":-1.9474215507507324,"238":-7.252204895019531,"239":3.482069969177246,"240":4.811275482177734,"241":-1.5159828662872314,"242":-0.8090627789497375,"243":-1.2934736013412476,"244":2.3010284900665283,"245":-1.112884521484375,"246":0.01298612356185913,"247":2.2805542945861816,"248":-1.1633061170578003,"249":-1.0914905071258545,"250":-0.597698986530304,"251":1.1058578491210938,"252":-3.6834921836853027,"253":-0.03139194846153259,"254":2.863046884536743,"255":-1.3630818128585815,"256":-9.004135131835938,"257":-1.0294760465621948,"258":-1.1859040260314941,"259":0.6342328190803528,"260":-3.220454692840576,"261":-0.8089449405670166,"262":-4.178065299987793,"263":-1.5381165742874146,"264":-3.5067667961120605,"265":-1.0683259963989258,"266":-0.9534246921539307,"267":1.3771226406097412,"268":0.8422126173973083,"269":3.0600719451904297,"270":1.6638576984405518,"271":1.230836033821106,"272":-0.03054782748222351,"273":3.6660232543945312,"274":3.267571210861206,"275":-3.404499053955078,"276":-0.5221475958824158,"277":4.447022914886475,"278":-1.1154478788375854,"279":1.199049949645996,"280":-0.00029277801513671875,"281":2.1866631507873535,"282":-0.5890234708786011,"283":-0.7323777675628662,"284":-0.15891718864440918,"285":2.065469264984131,"286":-0.8145121335983276,"287":-1.0294305086135864,"288":-3.227071762084961,"289":1.3667558431625366,"290":-1.596282720565796,"291":-0.9005459547042847,"292":-1.0409955978393555,"293":2.1102957725524902,"294":1.8766908645629883,"295":-0.4700033962726593,"296":-1.760994791984558,"297":-2.6647167205810547,"298":-3.2039902210235596,"299":-0.506990373134613,"300":0.5578598976135254,"301":0.5811899304389954,"302":-3.0093579292297363,"303":-1.1830544471740723,"304":2.1391100883483887,"305":-0.5134385228157043,"306":-0.6784369945526123,"307":-2.089672088623047,"308":-4.589377403259277,"309":-5.726583480834961,"310":2.5029447078704834,"311":-1.933469295501709,"312":-3.163315534591675,"313":-2.4819955825805664,"314":-1.313598871231079,"315":3.446523666381836,"316":2.7765417098999023,"317":0.2022085189819336,