{"0":-1.0005991458892822,"1":1.5648220777511597,"2":0.9477328658103943,"3":-0.9050375819206238,"4":-0.05528441071510315,"5":-0.8998442888259888,"6":-0.9698602557182312,"7":-0.088675856590271,"8":-0.8336869478225708,"9":1.666658878326416,"10":-0.43058717250823975,"11":-2.763090133666992,"12":-1.620526671409607,"13":-0.45514535903930664,"14":0.022390395402908325,"15":-2.1798291206359863,"16":-0.7006466388702393,"17":-1.954305648803711,"18":3.542914628982544,"19":1.8218519687652588,"20":1.239033818244934,"21":1.5226165056228638,"22":0.6366262435913086,"23":1.325989007949829,"24":-1.4819493293762207,"25":0.06144249439239502,"26":0.5700175762176514,"27":3.271512269973755,"28":2.4804067611694336,"29":0.32811930775642395,"30":1.9274625778198242,"31":0.37881237268447876,"32":0.2687776982784271,"33":1.609842300415039,"34":0.6000136137008667,"35":0.23889514803886414,"36":0.5680949687957764,"37":-0.0433519184589386,"38":-0.05636206269264221,"39":1.6086745262145996,"40":-1.2133828401565552,"41":-1.3992202281951904,"42":-0.7598161697387695,"43":0.40773892402648926,"44":0.637258768081665,"45":2.829634189605713,"46":0.4648832678794861,"47":1.2777447700500488,"48":-1.5194047689437866,"49":0.6681639552116394,"50":-0.5352593660354614,"51":-1.4683321714401245,"52":1.5557496547698975,"53":2.3896656036376953,"54":1.384804129600525,"55":1.0923664569854736,"56":-0.15652501583099365,"57":-1.8830772638320923,"58":2.0130209922790527,"59":-0.651906430721283,"60":1.058035135269165,"61":-0.4323825538158417,"62":-1.345106840133667,"63":-0.13761083781719208,"64":-1.9811512231826782,"65":-1.8498550653457642,"66":-0.8764476776123047,"67":-0.9375811815261841,"68":0.7182369232177734,"69":0.020265154540538788,"70":0.5685939788818359,"71":0.36466118693351746,"72":2.718402624130249,"73":-0.08030810952186584,"74":1.9902031421661377,"75":-0.528264582157135,"76":-0.7971663475036621,"77":-1.4128284454345703,"78":0.37608230113983154,"79":0.14820098876953125,"80":2.851235866546631,"81":-0.6521705389022827,"82":0.28929662704467773,"83":0.9978607892990112,"84":-0.8463281989097595,"85":3.3445961475372314,"86":-1.069677710533142,"87":-2.5428643226623535,"88":1.5517699718475342,"89":0.45285388827323914,"90":3.1439340114593506,"91":0.5900620818138123,"92":-3.6365551948547363,"93":0.8493660688400269,"94":-1.1025590896606445,"95":-1.0299993753433228,"96":-0.26527708768844604,"97":1.8945434093475342,"98":-0.6912602186203003,"99":-0.46297144889831543,"100":-0.037498652935028076,"101":-2.0440587997436523,"102":-3.475353717803955,"103":-1.787837028503418,"104":1.3959920406341553,"105":-0.3286437690258026,"106":-1.605334997177124,"107":-1.6822230815887451,"108":0.22653718292713165,"109":-3.0049819946289062,"110":1.6780015230178833,"111":-0.20334166288375854,"112":1.714249849319458,"113":-0.07125002145767212,"114":1.3153278827667236,"115":2.7042429447174072,"116":0.6801321506500244,"117":-3.582211494445801,"118":0.43533855676651,"119":-3.497330665588379,"120":-0.471668541431427,"121":-0.26600348949432373,"122":-1.9822419881820679,"123":2.8382749557495117,"124":-1.2067677974700928,"125":0.47406888008117676,"126":0.5690637230873108,"127":-0.2706092596054077,"128":1.8461936712265015,"129":-5.074573516845703,"130":0.5849260091781616,"131":1.4704556465148926,"132":-0.22246003150939941,"133":-0.002518022432923317,"134":2.5065417289733887,"135":-0.21675851941108704,"136":4.974514961242676,"137":0.4580193758010864,"138":0.39022189378738403,"139":3.4067702293395996,"140":-1.8328983783721924,"141":1.2588244676589966,"142":-0.30634963512420654,"143":0.5034543871879578,"144":-2.4232301712036133,"145":-3.2591278553009033,"146":3.3619132041931152,"147":0.8105619549751282,"148":0.6345160603523254,"149":2.1690802574157715,"150":2.9030680656433105,"151":-2.931717872619629,"152":-0.7754682302474976,"153":-0.04223644733428955,"154":-1.9292398691177368,"155":1.578100562095642,"156":-0.47427618503570557,"157":2.2489700317382812,"158":0.5506012439727783,"159":-1.0510973930358887,"160":0.8272289037704468,"161":-2.946221351623535,"162":2.8015589714050293,"163":-0.45794251561164856,"164":1.7720963954925537,"165":-1.0740416049957275,"166":-0.4121341407299042,"167":-0.8607997894287109,"168":1.6429345607757568,"169":2.7003695964813232,"170":0.11620743572711945,"171":0.8657625317573547,"172":2.3554463386535645,"173":-3.074963331222534,"174":0.5999310612678528,"175":1.8306982517242432,"176":0.25436490774154663,"177":0.15474534034729004,"178":2.9961156845092773,"179":-1.9536393880844116,"180":0.07112836837768555,"181":1.7730560302734375,"182":-0.8446381092071533,"183":-0.5561906099319458,"184":-1.0008082389831543,"185":1.128578782081604,"186":2.5071823596954346,"187":2.1310508251190186,"188":1.6710325479507446,"189":0.7564844489097595,"190":2.4293904304504395,"191":0.610216498374939,"192":0.3599291443824768,"193":1.2660181522369385,"194":1.0149028301239014,"195":1.8103268146514893,"196":-0.6553215980529785,"197":0.0310400128364563,"198":1.8642151355743408,"199":-1.7078981399536133,"200":0.645138144493103,"201":1.9160293340682983,"202":-1.422398567199707,"203":-0.0068351030349731445,"204":3.1011528968811035,"205":0.8036894798278809,"206":3.2245099544525146,"207":-3.247853994369507,"208":-2.8496716022491455,"209":-0.624545693397522,"210":2.422731876373291,"211":-0.15253233909606934,"212":-2.9612655639648438,"213":-0.849135160446167,"214":0.022595584392547607,"215":0.8765566349029541,"216":1.9954683780670166,"217":1.702810287475586,"218":1.1268022060394287,"219":-0.9697999358177185,"220":1.3923239707946777,"221":-0.38385337591171265,"222":0.7330356240272522,"223":-0.560232937335968,"224":1.4471614360809326,"225":4.579177379608154,"226":0.7132208347320557,"227":1.972745418548584,"228":0.46101871132850647,"229":-0.5975633263587952,"230":1.1632527112960815,"231":2.4416465759277344,"232":-1.029536247253418,"233":-2.5316576957702637,"234":-0.29210364818573,"235":2.0801174640655518,"236":1.6718920469284058,"237":-0.5033724904060364,"238":0.5300517082214355,"239":-0.9040029644966125,"240":-0.3859149217605591,"241":-1.5958448648452759,"242":0.07588639855384827,"243":1.3667399883270264,"244":-0.39634186029434204,"245":-0.8166153430938721,"246":1.9157458543777466,"247":1.691264033317566,"248":-0.7956326603889465,"249":0.814784586429596,"250":-0.840591549873352,"251":-0.828991174697876,"252":-3.4672045707702637,"253":1.5961997509002686,"254":0.07406610250473022,"255":0.9384308457374573,"256":-0.9755678772926331,"257":-2.6774299144744873,"258":-5.6987457275390625,"259":-1.721798300743103,"260":0.38537269830703735,"261":0.42478227615356445,"262":2.171560764312744,"263":-2.352191209793091,"264":5.453656196594238,"265":0.22681760787963867,"266":0.3794480264186859,"267":0.9623973369598389,"268":0.7493033409118652,"269":2.2226898670196533,"270":0.5337137579917908,"271":-2.2435624599456787,"272":2.581867218017578,"273":-0.05115717649459839,"274":-4.373671054840088,"275":-0.5092092752456665,"276":-1.637711524963379,"277":1.174168586730957,"278":2.1204280853271484,"279":0.4315873980522156,"280":-0.10294318199157715,"281":0.17132669687271118,"282":0.993839681148529,"283":0.15078359842300415,"284":0.7245776653289795,"285":1.8568456172943115,"286":-2.062098264694214,"287":0.06346297264099121,"288":0.08321544528007507,"289":-0.28986620903015137,"290":1.836852788925171,"291":-0.18180322647094727,"292":-0.7758578062057495,"293":-1.9829336404800415,"294":-0.8759318590164185,"295":-0.576708972454071,"296":-0.8792088031768799,"297":-3.043290615081787,"298":-1.248709797859192,"299":-2.936415910720825,"300":0.840558648109436,"301":-3.2659616470336914,"302":-0.07914173603057861,"303":2.527409076690674,"304":2.328756093978882,"305":-0.24973857402801514,"306":0.01704457402229309,"307":1.7184182405471802,"308":0.22655653953552246,"309":1.3058481216430664,"310":1.538148283958435,"311":-0.694162130355835,"312":-0.3061760663986206,"313":2.4762816429138184,"314":-2.181450843811035,"315":-1.9117076396942139,"316":2.3633556365966797,"317":1.54935884475708,