{"0":2.820500373840332,"1":2.649358034133911,"2":2.7938647270202637,"3":5.105834007263184,"4":-1.4170258045196533,"5":2.465092897415161,"6":-0.43458592891693115,"7":-0.12945294380187988,"8":2.3599414825439453,"9":-0.11543941497802734,"10":-0.12861573696136475,"11":-0.31035274267196655,"12":-2.1585512161254883,"13":1.253529667854309,"14":-0.10717828571796417,"15":2.8960342407226562,"16":-0.13058972358703613,"17":-0.987353503704071,"18":-0.0013656020164489746,"19":-0.0023179054260253906,"20":-0.7698466181755066,"21":6.688743591308594,"22":-0.32028260827064514,"23":-1.05826997756958,"24":3.281303882598877,"25":7.111761093139648,"26":-0.06336086988449097,"27":-0.0003560781478881836,"28":3.8520543575286865,"29":-0.1167040467262268,"30":-0.0002880096435546875,"31":-1.2276878356933594,"32":-0.8601847887039185,"33":-0.017285048961639404,"34":-0.033413708209991455,"35":4.7576375007629395,"36":-1.8615548610687256,"37":-0.7112431526184082,"38":2.705155849456787,"39":3.173156499862671,"40":1.256514549255371,"41":2.2654309272766113,"42":-0.0001628398895263672,"43":-0.5917713046073914,"44":-0.3518333435058594,"45":-0.9841628074645996,"46":3.6514344215393066,"47":1.6427056789398193,"48":-0.004131108522415161,"49":4.958178520202637,"50":3.6171817779541016,"51":2.5447802543640137,"52":-0.10647749900817871,"53":-0.4146076440811157,"54":-0.06490093469619751,"55":-0.0010139942169189453,"56":3.7738261222839355,"57":4.884420394897461,"58":7.4622483253479,"59":-0.0004706382751464844,"60":-0.23132860660552979,"61":-0.1646100878715515,"62":-0.19701695442199707,"63":0.4627906084060669,"64":-0.9782605767250061,"65":2.480898857116699,"66":2.4350342750549316,"67":-0.2179020643234253,"68":2.32578182220459,"69":3.1461572647094727,"70":4.043923377990723,"71":-0.12388628721237183,"72":3.3840699195861816,"73":1.6007283926010132,"74":-0.27467527985572815,"75":-0.2319808006286621,"76":3.6298556327819824,"77":6.822364807128906,"78":-0.4873855710029602,"79":-0.004458189010620117,"80":-0.3909301161766052,"81":4.59696102142334,"82":7.321897983551025,"83":-0.00032705068588256836,"84":2.695746421813965,"85":4.2876105308532715,"86":6.847762584686279,"87":0.004404231905937195,"88":0.2210766077041626,"89":-0.08691740036010742,"90":-0.020303010940551758,"91":-1.5615490674972534,"92":6.340541362762451,"93":-0.19911636412143707,"94":-0.29252076148986816,"95":-0.00014442205429077148,"96":-0.0008007287979125977,"97":-0.0001289844512939453,"98":-0.12896114587783813,"99":-0.07569009065628052,"100":3.246058464050293,"101":-0.2768394947052002,"102":-1.0110008716583252,"103":-0.0006700754165649414,"104":-0.04196673631668091,"105":-0.01744157075881958,"106":3.1663832664489746,"107":3.0391759872436523,"108":2.478849411010742,"109":7.682732582092285,"110":4.619052886962891,"111":4.666848659515381,"112":0.8821616172790527,"113":-0.3054471015930176,"114":8.055977821350098,"115":-1.1710058450698853,"116":2.4238698482513428,"117":10.681722640991211,"118":-0.0003032684326171875,"119":-0.3115665912628174,"120":-0.0799354612827301,"121":2.8590426445007324,"122":4.101169586181641,"123":-0.4989458918571472,"124":-0.04704403877258301,"125":6.910837173461914,"126":-0.15693634748458862,"127":-0.0013399720191955566,"128":-0.0003139972686767578,"129":3.159452438354492,"130":0.09193569421768188,"131":-0.0032091140747070312,"132":-0.06200528144836426,"133":-0.7631673812866211,"134":-0.001027822494506836,"135":-0.0003745555877685547,"136":-0.0007805824279785156,"137":-0.0014265477657318115,"138":-0.11333465576171875,"139":-0.31366345286369324,"140":0.12878230214118958,"141":2.26094388961792,"142":-0.7419725656509399,"143":-0.0005810260772705078,"144":-0.00021702051162719727,"145":-0.0007128715515136719,"146":2.680241107940674,"147":-0.20635375380516052,"148":4.60960578918457,"149":-1.0336527824401855,"150":-0.235623300075531,"151":-0.0007423162460327148,"152":2.558938980102539,"153":-0.0003908872604370117,"154":-0.24465930461883545,"155":0.35231277346611023,"156":8.393571853637695,"157":-0.5659480094909668,"158":8.851034164428711,"159":2.012420892715454,"160":-0.14582586288452148,"161":-0.19442903995513916,"162":4.544025421142578,"163":2.703824758529663,"164":6.298425197601318,"165":-0.16722911596298218,"166":-0.2798941731452942,"167":-0.057091355323791504,"168":3.1804301738739014,"169":2.337049961090088,"170":-0.0007401704788208008,"171":-0.00017535686492919922,"172":-0.0500500425696373,"173":-0.9834499359130859,"174":-0.9392361640930176,"175":3.14959716796875,"176":3.650913715362549,"177":-1.3490946292877197,"178":0.028141608461737633,"179":1.4171667098999023,"180":2.9154441356658936,"181":2.4993093013763428,"182":-0.00020056962966918945,"183":6.521076679229736,"184":-0.001446843147277832,"185":8.025643348693848,"186":-2.3205978870391846,"187":1.5600522756576538,"188":-0.0010315775871276855,"189":2.6365456581115723,"190":-0.2457813024520874,"191":3.3928897380828857,"192":-0.14498823881149292,"193":-0.0006706714630126953,"194":-0.6306108236312866,"195":4.550653457641602,"196":-1.2758488655090332,"197":-0.6242175698280334,"198":2.411167621612549,"199":-0.07627764344215393,"200":8.929401397705078,"201":0.5024465918540955,"202":-0.0013772845268249512,"203":-0.0065991878509521484,"204":2.1317834854125977,"205":-0.0076865553855896,"206":3.139636278152466,"207":-0.0007208585739135742,"208":-0.16542428731918335,"209":-0.3358548879623413,"210":-0.010971903800964355,"211":8.366450309753418,"212":4.356014251708984,"213":-0.15514975786209106,"214":4.517507553100586,"215":2.6317529678344727,"216":-0.9676579236984253,"217":2.72938871383667,"218":-0.08386766910552979,"219":4.522943496704102,"220":2.551727771759033,"221":4.474961280822754,"222":7.063210487365723,"223":-0.6961939334869385,"224":4.305131912231445,"225":0.2661915421485901,"226":5.498088359832764,"227":2.567866802215576,"228":-0.0006200671195983887,"229":-0.0007094144821166992,"230":6.165863990783691,"231":-0.0006328821182250977,"232":8.279132843017578,"233":-0.4110046327114105,"234":-0.007033586502075195,"235":4.837090492248535,"236":2.8539886474609375,"237":-0.4646626114845276,"238":6.61598014831543,"239":-0.0381699800491333,"240":-1.0102988481521606,"241":3.7493934631347656,"242":-0.042813897132873535,"243":-0.3566547632217407,"244":-0.2508814334869385,"245":4.751970291137695,"246":2.7933244705200195,"247":7.771928787231445,"248":2.8588829040527344,"249":2.337646245956421,"250":-0.7598031759262085,"251":-0.0016961097717285156,"252":-0.0005984306335449219,"253":3.50669527053833,"254":0.06700637191534042,"255":0.9164835214614868}