{"0":2.293774366378784,"1":-0.11445121467113495,"2":-0.00406781816855073,"3":-1.3115463256835938,"4":-1.4234845638275146,"5":3.008049726486206,"6":2.7096686363220215,"7":-0.27090176939964294,"8":-1.4544655084609985,"9":-0.7583162188529968,"10":0.3876705467700958,"11":2.977609157562256,"12":2.7078356742858887,"13":-2.6318459510803223,"14":2.455430746078491,"15":4.711027145385742,"16":1.327966570854187,"17":-1.5969475507736206,"18":2.7540090084075928,"19":3.156526565551758,"20":3.131556987762451,"21":3.0360639095306396,"22":-1.4050297737121582,"23":-7.391877174377441,"24":0.5185096263885498,"25":2.293471336364746,"26":-3.6405301094055176,"27":2.1651484966278076,"28":3.957268476486206,"29":-0.15847232937812805,"30":-0.02281121164560318,"31":1.257300615310669}