{"0":2.9921722412109375,"1":-0.35008132457733154,"2":-0.0978924036026001,"3":-0.8888719081878662,"4":-1.0814356803894043,"5":1.1272945404052734,"6":-0.0009140968322753906,"7":-0.7435563206672668,"8":2.5680863857269287,"9":-1.2167363166809082,"10":-0.12237980961799622,"11":1.4102072715759277,"12":3.3696887493133545,"13":0.6432601809501648,"14":2.0220437049865723,"15":6.051861763000488,"16":-2.1504104137420654,"17":-0.4825429618358612,"18":0.10530692338943481,"19":1.5755759477615356,"20":3.1914844512939453,"21":1.6539559364318848,"22":-0.9452248215675354,"23":1.9579179286956787,"24":-0.1268048882484436,"25":2.799391269683838,"26":-2.487809181213379,"27":1.7427918910980225,"28":6.145698547363281,"29":-0.5119948387145996,"30":-0.06534543633460999,"31":2.8292245864868164}