{"0":-0.0531272329390049,"1":-0.041035838425159454,"2":-0.047243256121873856,"3":-0.03545043617486954,"4":-0.03547397255897522,"5":-0.03385285288095474,"6":-0.027594581246376038,"7":-0.025288954377174377,"8":-0.03168138861656189,"9":-0.03307155892252922,"10":-0.032996051013469696,"11":-0.01635000668466091,"12":-0.01462840847671032,"13":-0.020588863641023636,"14":-0.023994946852326393,"15":-0.031802285462617874,"16":-0.02828267402946949}