{"0":0.10577242076396942,"1":-0.0243366826325655,"2":0.10725724697113037,"3":-0.02203710377216339,"4":-0.20561866462230682,"5":-0.23912402987480164,"6":-0.03771760314702988,"7":-0.40477052330970764,"8":-0.16335435211658478,"9":-0.16490274667739868,"10":-0.20797334611415863,"11":-0.23923231661319733,"12":-0.035726238042116165,"13":-0.4111674726009369,"14":-0.16443060338497162,"15":-0.16132941842079163,"16":-0.06025179848074913,"17":-0.11688227206468582,"18":0.06198213994503021,"19":0.10938715934753418,"20":-0.183757022023201,"21":-0.06669308245182037,"22":0.031919192522764206,"23":0.021247033029794693,"24":-0.008207826875150204,"25":0.005788460839539766,"26":0.1801149547100067,"27":0.08028653264045715,"28":-0.02150767482817173,"29":-0.01715904101729393,"30":0.01489211618900299,"31":-0.010568290948867798}