{"0":-0.0009849071502685547,"1":-0.31338536739349365,"2":-0.13178668916225433,"3":5.021873474121094,"4":2.7576217651367188,"5":1.9959566593170166,"6":0.052732229232788086,"7":0.2577536702156067,"8":-0.003659486770629883,"9":0.322875440120697,"10":-0.10167496651411057,"11":0.1964484602212906,"12":3.6245222091674805,"13":-0.0016211271286010742,"14":3.734113931655884,"15":0.24439069628715515,"16":4.234673500061035,"17":-0.0006293058395385742,"18":-0.14675207436084747,"19":2.433499813079834,"20":-0.0009055137634277344,"21":-1.509819507598877,"22":3.3333563804626465,"23":0.07320380210876465,"24":-0.00008875131607055664,"25":4.0828776359558105,"26":-6.858254909515381,"27":-0.08439189195632935,"28":-0.04440021514892578,"29":-4.823782444000244,"30":-0.004683792591094971,"31":2.259251356124878,"32":-5.115316867828369,"33":6.942793369293213,"34":0.000054001808166503906,"35":0.00034564733505249023,"36":0.0188751220703125,"37":4.604952812194824,"38":2.412635087966919,"39":-0.10682810842990875,"40":2.124391794204712,"41":4.071826934814453,"42":7.011468887329102,"43":0.0017094910144805908,"44":2.490328073501587,"45":12.393921852111816,"46":0.0011931061744689941,"47":0.0009540319442749023,"48":0.003654494881629944,"49":0.03289157152175903,"50":-1.806429147720337,"51":4.916869163513184,"52":-0.7716527581214905,"53":2.126727819442749,"54":3.298393964767456,"55":4.628385543823242,"56":-0.00046646595001220703,"57":2.9716639518737793,"58":0.14096613228321075,"59":-0.5294610857963562,"60":-0.0005712509155273438,"61":-0.0017037391662597656,"62":2.251652240753174,"63":-0.01635095477104187}