{"0":0.5910371541976929,"1":0.08560668677091599,"2":-0.4364304542541504,"3":0.16260552406311035,"4":0.38250601291656494,"5":0.3259740471839905,"6":0.6561015248298645,"7":0.20869868993759155,"8":-0.4095715284347534,"9":0.5702508091926575,"10":-0.1509874165058136,"11":0.7773596048355103,"12":-0.5750854015350342,"13":0.268974632024765,"14":0.25670376420021057,"15":0.1250174343585968,"16":0.23002490401268005,"17":-0.16728365421295166,"18":-0.014674965292215347,"19":1.144806146621704,"20":-0.2972230911254883,"21":0.47512128949165344,"22":0.09256847202777863,"23":0.24719743430614471,"24":0.47428974509239197,"25":-0.26732587814331055,"26":-0.2935200035572052,"27":0.3043852746486664,"28":0.23864905536174774,"29":0.26548629999160767,"30":0.029582513496279716,"31":0.4160937964916229,"32":0.5307938456535339,"33":-1.289398431777954,"34":0.4834728538990021,"35":0.3953380584716797,"36":0.8367477655410767,"37":-0.03604692220687866,"38":-0.6691169142723083,"39":-0.08593903481960297,"40":0.26401492953300476,"41":0.5334647297859192,"42":0.3708665370941162,"43":0.47999000549316406,"44":-0.26885807514190674,"45":-0.14937664568424225,"46":0.13335949182510376,"47":0.31440940499305725,"48":-0.11011110246181488,"49":0.4088030755519867,"50":0.3162122368812561,"51":0.0897950828075409,"52":0.39044222235679626,"53":-0.16075320541858673,"54":0.5772132873535156,"55":0.09376641362905502,"56":0.02603461593389511,"57":0.6260489821434021,"58":-0.36771127581596375,"59":0.3282102346420288,"60":0.4671725630760193,"61":0.7826278805732727,"62":0.06809347867965698,"63":0.2940957546234131,"64":-0.12385860085487366,"65":0.03168244659900665,"66":0.24785356223583221,"67":0.0805228054523468,"68":0.2993534207344055,"69":-0.02045968919992447,"70":0.6470142602920532,"71":0.5518249869346619,"72":-0.06252068281173706,"73":-0.9189428091049194,"74":0.5027230381965637,"75":0.311090886592865,"76":-0.06171030178666115,"77":-0.14482620358467102,"78":0.18809600174427032,"79":0.6475577354431152,"80":0.5088452696800232,"81":0.17857936024665833,"82":0.8464152812957764,"83":0.10625188797712326,"84":-0.27324405312538147,"85":0.43691492080688477,"86":0.1998751163482666,"87":0.1889532059431076,"88":0.2369643747806549,"89":0.020472366362810135,"90":0.08135448396205902,"91":0.30202817916870117,"92":0.05941392853856087,"93":0.8942573666572571,"94":0.44372373819351196,"95":0.09825067222118378,"96":0.7777981758117676,"97":0.55646151304245,"98":-0.0531645193696022,"99":0.07655860483646393,"100":0.919427216053009,"101":0.5416249632835388,"102":-0.41135847568511963,"103":-0.05709204077720642,"104":-0.32311558723449707,"105":0.07630674540996552,"106":-0.036467526108026505,"107":0.573330819606781,"108":-0.08717183768749237,"109":-0.3608641028404236,"110":0.8234272003173828,"111":0.2980712950229645,"112":0.1541283130645752,"113":0.5219047665596008,"114":0.2469782531261444,"115":0.224253848195076,"116":0.7353914976119995,"117":-0.20676562190055847,"118":0.5394924879074097,"119":0.4457043409347534,"120":0.25002408027648926,"121":0.14190791547298431,"122":-0.3402039408683777,"123":0.22410818934440613,"124":0.6724991202354431,"125":-0.34548696875572205,"126":0.13599011301994324,"127":0.28044626116752625,"128":0.8323201537132263,"129":0.4154092073440552,"130":0.33463138341903687,"131":0.5368715524673462,"132":0.12379972636699677,"133":-0.7626177668571472,"134":-0.14653854072093964,"135":0.2855725884437561,"136":0.2947136461734772,"137":0.26672089099884033,"138":-0.15270431339740753,"139":0.5470371246337891,"140":-0.24121175706386566,"141":-0.176689013838768,"142":0.4356832206249237,"143":0.20557288825511932,"144":-0.052995651960372925,"145":-0.15909188985824585,"146":0.2603030502796173,"147":0.22423715889453888,"148":-0.16847127676010132,"149":-0.005568347871303558,"150":0.22410760819911957,"151":0.2037091851234436,"152":0.05366373062133789,"153":0.6482119560241699,"154":-0.16242128610610962,"155":0.6267653703689575,"156":0.4007681608200073,"157":0.2485932558774948,"158":-0.5142951011657715,"159":0.41668716073036194,"160":1.2731608152389526,"161":0.4113028943538666,"162":0.00875859335064888,"163":-0.21520693600177765,"164":0.5992703437805176,"165":-0.6843027472496033,"166":0.7028748989105225,"167":0.0060754381120204926,"168":0.7187666893005371,"169":0.49811089038848877,"170":0.1483389437198639,"171":0.6248801946640015,"172":0.5032827258110046,"173":-0.24776780605316162,"174":-0.4735744893550873,"175":-0.2221830189228058,"176":0.08534559607505798,"177":0.23495697975158691,"178":0.06141810491681099,"179":0.5765186548233032,"180":-0.0280018150806427,"181":-0.5239982008934021,"182":-0.13321278989315033,"183":0.1212478056550026,"184":-0.11836707592010498,"185":0.579090416431427,"186":0.13052821159362793,"187":0.30358895659446716,"188":0.16207702457904816,"189":0.48120442032814026,"190":0.22293704748153687,"191":-0.21595805883407593,"192":0.24548527598381042,"193":0.14462290704250336,"194":-0.6444472074508667,"195":0.9186714291572571,"196":0.5611686110496521,"197":-0.039817940443754196,"198":0.5201160907745361,"199":0.47138556838035583,"200":-0.36403170228004456,"201":0.44879329204559326,"202":-0.36958128213882446,"203":0.03793458640575409,"204":-0.21016018092632294,"205":0.4184359014034271,"206":0.22760862112045288,"207":0.22073689103126526,"208":0.08651673793792725,"209":0.23546233773231506,"210":-0.11406011879444122,"211":-0.027399152517318726,"212":-0.04614955186843872,"213":0.04108588397502899,"214":-1.2734547853469849,"215":0.41158291697502136,"216":0.893822968006134,"217":0.6627374887466431,"218":-0.0016391575336456299,"219":0.06826332956552505,"220":0.45439738035202026,"221":-0.0010175821371376514,"222":-0.6945850849151611,"223":0.29537561535835266,"224":0.176291823387146,"225":-0.6323630809783936,"226":0.4647400677204132,"227":0.26195821166038513,"228":-0.6549044847488403,"229":0.3569914698600769,"230":0.03863246366381645,"231":0.41101905703544617,"232":0.03314538672566414,"233":0.40379413962364197,"234":-0.19063036143779755,"235":-0.21375612914562225,"236":0.23154577612876892,"237":-0.04031597077846527,"238":0.1800197958946228,"239":0.41474273800849915,"240":-0.13424381613731384,"241":0.9755856990814209,"242":-0.1921207159757614,"243":0.3516140580177307,"244":0.5075622797012329,"245":0.803576648235321,"246":1.043500542640686,"247":-0.037530720233917236,"248":0.20025768876075745,"249":0.4874914288520813,"250":0.20897066593170166,"251":-0.06747645139694214,"252":0.5934050679206848,"253":0.5409756302833557,"254":0.9097100496292114,"255":0.6079796552658081,"256":0.24089540541172028,"257":0.07488937675952911,"258":-0.12203392386436462,"259":0.77915358543396,"260":0.14895062148571014,"261":0.8183784484863281,"262":-0.02896711230278015,"263":0.8090833425521851,"264":0.8180024027824402,"265":-0.42006003856658936,"266":0.3669808506965637,"267":0.6334003210067749,"268":-0.09287481009960175,"269":0.426574170589447,"270":0.23525603115558624,"271":0.515745222568512,"272":0.17740067839622498,"273":0.7573364973068237,"274":0.30200499296188354,"275":-0.651401162147522,"276":-0.5736535787582397,"277":-0.006439559161663055,"278":-0.6655568480491638,"279":1.056168794631958,"280":-0.17589813470840454,"281":0.3708246350288391,"282":-0.5073904991149902,"283":0.07958419620990753,"284":-0.15498164296150208,"285":0.1498757004737854,"286":0.23683804273605347,"287":0.42687422037124634,"288":0.2524656057357788,"289":0.3616677522659302,"290":0.07637222856283188,"291":-0.5406164526939392,"292":0.39599764347076416,"293":0.2011483609676361,"294":0.3451971113681793,"295":0.5072041749954224,"296":-0.39898282289505005,"297":0.5713509321212769,"298":0.24954871833324432,"299":0.43661993741989136,"300":0.3786454200744629,"301":0.578838586807251,"302":0.5675165057182312,"303":0.0023998916149139404,"304":-0.0800461396574974,"305":-0.45354214310646057,"306":0.5321863889694214,"307":0.4590228796005249,"308":-0.021123744547367096,"309":-0.3592372536659241,"310":0.6036847233772278,"311":-0.4841499328613281,"312":0.25540870428085327,"313":0.3719739615917206,