{"0":0.11257617920637131,"1":0.022447017952799797,"2":0.10516984760761261,"3":0.013993071392178535,"4":-0.36188605427742004,"5":-0.4139975607395172,"6":-0.11285872012376785,"7":-0.8394554257392883,"8":-0.3958238363265991,"9":-0.5662568807601929,"10":-0.3510293662548065,"11":-0.4081985652446747,"12":-0.09942720830440521,"13":-0.8301735520362854,"14":-0.38646697998046875,"15":-0.5709922909736633,"16":-0.059821631759405136,"17":-0.1911138892173767,"18":0.09587915986776352,"19":0.21635888516902924,"20":-0.2787318229675293,"21":-0.07795726507902145,"22":0.03958280757069588,"23":0.051978614181280136,"24":-0.03688085824251175,"25":0.00872136652469635,"26":0.2991146743297577,"27":0.11486383527517319,"28":-0.028048405423760414,"29":-0.019411591812968254,"30":0.04106612130999565,"31":0.008094004355370998}