{"0":0.016680479049682617,"1":6.076321601867676,"2":2.4616174697875977,"3":0.02784000337123871,"4":0.2134762406349182,"5":5.114321231842041,"6":-0.0478060245513916,"7":0.47964292764663696,"8":0.12435555458068848,"9":4.663227558135986,"10":-1.8756468296051025,"11":-0.6493611335754395,"12":3.9879629611968994,"13":0.07799628376960754,"14":2.671830177307129,"15":2.8686492443084717,"16":3.0053484439849854,"17":-0.08987453579902649,"18":-1.5461894273757935,"19":2.344374656677246,"20":3.065115451812744,"21":5.979196071624756,"22":7.477360248565674,"23":3.211024045944214,"24":1.0717434883117676,"25":0.46104860305786133,"26":2.623565435409546,"27":3.4608187675476074,"28":0.20651212334632874,"29":-0.004481315612792969,"30":3.666567802429199,"31":2.7585325241088867,"32":0.01798999309539795,"33":5.575522422790527,"34":0.26535764336586,"35":7.350255489349365,"36":2.3983325958251953,"37":1.262939453125,"38":2.6461470127105713,"39":-0.5415518283843994,"40":3.245551347732544,"41":1.0797077417373657,"42":2.3855645656585693,"43":2.547837495803833,"44":6.078279495239258,"45":0.36508965492248535,"46":1.2591981887817383,"47":2.220176935195923}