{"0":-0.1727445423603058,"1":-0.07436475902795792,"2":-0.06925605982542038,"3":0.04148073494434357,"4":0.014577433466911316,"5":-0.20010240375995636,"6":-0.27800700068473816,"7":-0.001740208244882524,"8":0.010618465952575207,"9":-0.09022394567728043,"10":-0.0613039955496788,"11":-0.13788524270057678,"12":-0.07114234566688538,"13":-0.21092866361141205,"14":-0.1965041309595108,"15":-0.06399509310722351,"16":-0.08732391893863678,"17":-0.01889684610068798,"18":-0.10712272673845291,"19":0.05392355099320412,"20":-0.12552036345005035,"21":0.18980233371257782,"22":-0.10043485462665558,"23":-0.010349415242671967,"24":-0.05178132653236389,"25":-0.06817828118801117,"26":0.07440369576215744,"27":-0.13711656630039215,"28":-0.10239817202091217,"29":-0.06314843147993088,"30":-0.055982399731874466,"31":-0.07694350928068161,"32":-0.032813139259815216,"33":0.019052818417549133}