{"0":-0.1677183210849762,"1":0.050522200763225555,"2":-0.1467513144016266,"3":0.0487305112183094,"4":0.38555431365966797,"5":0.7379754185676575,"6":0.13651731610298157,"7":1.3996944427490234,"8":0.7513869404792786,"9":1.1403508186340332,"10":0.3906518220901489,"11":0.7370918393135071,"12":0.14792753756046295,"13":1.4189943075180054,"14":0.7523109316825867,"15":1.1474840641021729,"16":0.07557971775531769,"17":0.17948779463768005,"18":-0.055225394666194916,"19":-0.19496124982833862,"20":0.25737908482551575,"21":0.06725028902292252,"22":-0.2806582450866699,"23":0.038591038435697556,"24":0.002429516753181815,"25":-0.10692538321018219,"26":-0.22547397017478943,"27":-0.09406692534685135,"28":0.20926101505756378,"29":-0.025027364492416382,"30":-0.06410091370344162,"31":0.07055782526731491}