{"0":-0.005161893088370562,"1":0.09178421646356583,"2":0.001955934800207615,"3":0.09139198809862137,"4":0.22007882595062256,"5":0.32385727763175964,"6":0.08242695033550262,"7":0.6998521089553833,"8":0.42293819785118103,"9":0.5409854054450989,"10":0.22211703658103943,"11":0.317211776971817,"12":0.08506298810243607,"13":0.702538788318634,"14":0.4093436002731323,"15":0.5381988286972046,"16":0.04601193964481354,"17":0.13691559433937073,"18":-0.012321071699261665,"19":-0.11027447879314423,"20":0.11534600704908371,"21":0.014373152516782284,"22":-0.047388527542352676,"23":-0.07116720825433731,"24":0.01854104921221733,"25":-0.007563518825918436,"26":-0.07325242459774017,"27":0.009938296861946583,"28":0.06418024003505707,"29":0.08121607452630997,"30":-0.00290480419062078,"31":0.027784863486886024}