{"0":-0.11404982954263687,"1":0.5139516592025757,"2":6.548292503794073e-7,"3":-6.448172480992206e-14,"4":0.5520768761634827,"5":0.011833149008452892,"6":-3.799305758889204e-8,"7":-1.3907420137390658e-12,"8":0.05997968092560768,"9":1.0603723845162283e-12,"10":0.6142736673355103,"11":-1.213785582460103e-12,"12":-0.026613479480147362,"13":5.809582148685877e-9,"14":0.038281410932540894,"15":-1.636579990386963,"16":0.11037372797727585,"17":4.323801516478709e-13,"18":-3.6513080428103584e-13,"19":0.06064986810088158,"20":-0.10028193891048431,"21":1.5802117586135864,"22":1.7152689695358276,"23":1.6604949837004113e-12,"24":0.14219950139522552,"25":0.4870167672634125,"26":-3.4213204003208375e-7,"27":-6.527414784900099e-14,"28":1.1651495695114136,"29":0.0002951624628622085,"30":-1.411072503287869e-7,"31":-1.2289740622742351e-12,"32":-0.10937238484621048,"33":3.5659685924602225e-13,"34":0.9862408638000488,"35":-5.396771354457264e-13,"36":-0.019203100353479385,"37":2.750596195255639e-9,"38":0.24949005246162415,"39":-2.1953024864196777,"40":-0.2966330051422119,"41":1.3604865660692828e-13,"42":-6.214698894391191e-13,"43":0.05872992426156998,"44":-0.20234335958957672,"45":0.16203521192073822,"46":-0.3952176570892334,"47":5.975953239201193e-13,"48":-0.005271705333143473,"49":0.4290528893470764,"50":-1.629221344501275e-7,"51":-7.40898634761164e-14,"52":0.2612784504890442,"53":0.012704182416200638,"54":-9.267116496403105e-8,"55":-1.7929565167620898e-12,"56":0.05494571849703789,"57":-1.7433987196599499e-12,"58":0.23906391859054565,"59":-5.901525470565494e-13,"60":-0.06324529647827148,"61":3.1415587908867337e-9,"62":-0.2583352029323578,"63":-1.0477031469345093,"64":0.18265511095523834,"65":7.432903576486127e-13,"66":-2.1188080586917457e-13,"67":0.03773312270641327,"68":-0.06548000127077103,"69":0.0277341827750206,"70":-0.5223022699356079,"71":-2.8829651339823403e-13,"72":-0.3444436192512512,"73":0.6739714741706848,"74":6.315466976047901e-7,"75":-1.853409325970265e-13,"76":0.6306682229042053,"77":0.013425523415207863,"78":-1.798093336446982e-7,"79":-1.437306220222756e-12,"80":0.35058268904685974,"81":1.578751669326084e-12,"82":0.23990604281425476,"83":-1.6179889459483343e-12,"84":-0.07830553501844406,"85":8.52971737685948e-9,"86":0.30502232909202576,"87":3.4556100368499756,"88":0.12475201487541199,"89":3.82708079636751e-13,"90":-1.1311546317671617e-13,"91":0.06548775732517242,"92":0.011555155739188194,"93":0.4721732437610626,"94":2.0915942192077637,"95":1.77207001243046e-12,"96":0.23496876657009125,"97":1.1643894910812378,"98":-3.806480322054995e-7,"99":-2.187608682526973e-13,"100":1.2778562307357788,"101":0.0032931703608483076,"102":-2.6235451855427527e-7,"103":-1.8051435997021303e-12,"104":-0.33140966296195984,"105":3.441920685097466e-13,"106":0.6046550273895264,"107":-7.50519546684203e-13,"108":-0.31478703022003174,"109":5.0640038828930756e-9,"110":0.20314881205558777,"111":5.223616600036621,"112":-0.5123412013053894,"113":3.538271563761908e-13,"114":-4.553646413933687e-13,"115":0.061442188918590546,"116":0.023072129115462303,"117":0.12173968553543091,"118":-0.02886204607784748,"119":7.458691867259781e-13,"120":0.13640116155147552,"121":0.2113935798406601,"122":-2.031044914474478e-7,"123":-1.3375430862709592e-13,"124":0.21818476915359497,"125":0.01477376464754343,"126":-2.5312215257145e-7,"127":-1.6044626564848397e-12,"128":0.004778985399752855,"129":-1.9767481922172703e-12,"130":0.2634577751159668,"131":-7.022909272354216e-13,"132":-0.11485525220632553,"133":5.5484323802090785e-9,"134":-0.5025305151939392,"135":2.0310606956481934,"136":0.4082415699958801,"137":7.980556862054178e-13,"138":-1.5566428625702483e-13,"139":0.03999178856611252,"140":-0.001053320593200624,"141":0.09737025946378708,"142":0.09185218065977097,"143":-1.780396678338885e-14,"144":-0.09948424994945526,"145":0.5988776683807373,"146":7.39759627776948e-7,"147":-3.027554064654464e-13,"148":0.17728322744369507,"149":0.017544984817504883,"150":7.842569260674281e-8,"151":-2.0349282155163184e-12,"152":0.1401931345462799,"153":2.8262108365401106e-12,"154":0.2039673626422882,"155":-1.5862954396220208e-12,"156":-0.02685537189245224,"157":5.462403862566134e-9,"158":0.08041583746671677,"159":-1.9301657676696777,"160":0.10213696211576462,"161":4.4126123111346005e-13,"162":-3.1235463434503563e-13,"163":0.06049774959683418,"164":-0.0006537447334267199,"165":-0.4878022074699402,"166":0.6179236769676208,"167":1.6619840269641029e-12,"168":0.046399809420108795,"169":0.5104827880859375,"170":-2.3447489638783736e-7,"171":-2.364226707202849e-13,"172":0.386822909116745,"173":0.0061070662923157215,"174":-6.401949548262564e-8,"175":-1.7923558687585328e-12,"176":-0.19491684436798096,"177":1.3239624240685144e-12,"178":-0.41854041814804077,"179":-1.1303710788571064e-12,"180":-0.10097528249025345,"181":2.884598115926451e-9,"182":0.20267847180366516,"183":-2.2000083923339844,"184":-0.3349195718765259,"185":2.8040644892840527e-13,"186":-6.287780083928662e-13,"187":0.05345834791660309,"188":0.01574162021279335,"189":0.14531022310256958,"190":-0.46749621629714966,"191":5.692649043126385e-13,"192":0.04170253872871399,"193":0.4963183104991913,"194":-8.230779258155962e-8,"195":-2.3410724856072485e-13,"196":0.029886720702052116,"197":0.018192823976278305,"198":2.5536092351785555e-8,"199":-2.2701458768370486e-12,"200":0.044803693890571594,"201":-1.1756936570128662e-12,"202":-0.3085658550262451,"203":-1.046106018649795e-12,"204":-0.04053676873445511,"205":1.5319503443578242e-9,"206":-0.2848898470401764,"207":-0.9992771148681641,"208":0.2076328992843628,"209":8.224585292329611e-13,"210":-3.146656383807428e-13,"211":0.0330231748521328,"212":-0.005420849192887545,"213":-0.09391768276691437,"214":-0.2956100404262543,"215":-1.5921063024806198e-13,"216":-0.09102696925401688,"217":-1.4912724494934082,"218":5.497726647263335e-7,"219":-3.293367436944285e-14,"220":-0.561730146408081,"221":0.014299039728939533,"222":-6.170294142293642e-8,"223":-1.5029081494935537e-12,"224":0.10450121760368347,"225":2.8395118287921628e-12,"226":-1.277651071548462,"227":-9.32388606426915e-13,"228":-0.04958893731236458,"229":1.0513642179077465e-9,"230":0.1671120673418045,"231":-1.9368149042129517,"232":0.16799208521842957,"233":-1.39960634228109e-13,"234":9.577448290823062e-14,"235":0.05837180092930794,"236":-0.19152949750423431,"237":0.5865487456321716,"238":0.08914055675268173,"239":1.7365784374737125e-12,"240":0.14345203340053558,"241":-1.7519793510437012,"242":-3.9149020381046284e-7,"243":-4.8225285527100925e-14,"244":-0.9193856120109558,"245":0.003972817678004503,"246":-1.3453819747155649e-7,"247":-8.739835027568588e-13,"248":-0.12477802485227585,"249":1.4606258910698777e-12,"250":-2.4655253887176514,"251":-6.0998336373283e-13,"252":-0.10006430745124817,"253":-2.1121597804096837e-9,"254":0.2061586230993271,"255":-3.1336662769317627,"256":-0.3716266453266144,"257":-3.2031110619792913e-13,"258":-2.8174451703957826e-13,"259":0.05603302642703056,"260":-0.36072641611099243,"261":-0.09926664084196091,"262":0.4488278925418854,"263":8.309920134820514e-13,"264":-0.02795380912721157,"265":-0.5880500674247742,"266":-2.8044300393048616e-7,"267":8.063719098916691e-14,"268":-0.21286660432815552,"269":0.015114452689886093,"270":-7.630706733152692e-8,"271":-1.4811634991424016e-12,"272":0.08044012635946274,"273":-2.6960307901099934e-13,"274":-0.7364972233772278,"275":-6.068927912300515e-13,"276":-0.05701480060815811,"277":-2.1237438474486225e-9,"278":-0.35944825410842896,"279":-0.9205390214920044,"280":0.2058590054512024,"281":4.5360446627139284e-13,"282":2.4832997528971557e-13,"283":0.03325330838561058,"284":-0.0831276923418045,"285":-0.05760578811168671,"286":0.3832087814807892,"287":-4.154960067410257e-13,"288":-0.3718906044960022,"289":-1.4794710874557495,"290":4.2977174530278717e-7,"291":-1.897785314314282e-13,"292":-0.592540442943573,"293":0.01846003159880638,"294":-2.722437102420372e-7,"295":-1.4145450219146816e-12,"296":0.43692758679389954,"297":2.5419885380656426e-12,