{"0":-0.12472978979349136,"1":-0.14612533152103424,"2":-0.12647874653339386,"3":-0.15564115345478058,"4":-0.08987995237112045,"5":-0.01666729710996151,"6":-0.02266967110335827,"7":-0.0036888583563268185,"8":0.015271380543708801,"9":0.016157228499650955,"10":0.021941078826785088,"11":-0.0023058566730469465,"12":-0.012416924349963665,"13":-0.02958223968744278,"14":-0.05915182828903198,"15":-0.05111859366297722,"16":-0.045079540461301804}