{"0":0.14191657304763794,"1":-0.04586904123425484,"2":0.1434594988822937,"3":-0.033700477331876755,"4":-0.739029049873352,"5":-1.0563440322875977,"6":-0.308184415102005,"7":-2.2855374813079834,"8":-1.2171385288238525,"9":-1.6001598834991455,"10":-0.7356767058372498,"11":-1.0548362731933594,"12":-0.3343265652656555,"13":-2.284653663635254,"14":-1.2254489660263062,"15":-1.5816842317581177,"16":-0.09029234945774078,"17":-0.2898588180541992,"18":0.08483961224555969,"19":0.27297404408454895,"20":-0.557080090045929,"21":-0.33165377378463745,"22":0.060789041221141815,"23":0.04617943614721298,"24":-0.1106773167848587,"25":-0.040015481412410736,"26":0.56600022315979,"27":0.32656192779541016,"28":-0.0531950481235981,"29":-0.03187619149684906,"30":0.0761423408985138,"31":-0.030288996174931526}