{"0":0.290521502494812,"1":1.2437288761138916,"2":-0.2559618353843689,"3":-0.17882108688354492,"4":0.4776057302951813,"5":-8.064788818359375,"6":-0.40163400769233704,"7":-1.0713480710983276,"8":3.805398464202881,"9":0.3750096559524536,"10":-1.359691858291626,"11":3.180711269378662,"12":-14.023162841796875,"13":5.822826862335205,"14":0.6132021546363831,"15":4.267461776733398,"16":-0.03643098473548889,"17":-0.04496791958808899,"18":0.05393350124359131,"19":2.5135083198547363,"20":0.5746960043907166,"21":-0.14904098212718964,"22":5.363024711608887,"23":0.01311556901782751,"24":-0.15841460227966309,"25":3.1176977157592773,"26":-1.726159691810608,"27":0.18620866537094116,"28":0.719072163105011,"29":3.794837474822998,"30":2.047037124633789,"31":0.2507839798927307,"32":0.1892736256122589,"33":0.3009798228740692,"34":-0.07806631922721863,"35":0.6543692946434021,"36":0.20465737581253052,"37":2.2741522789001465,"38":-0.17438897490501404,"39":0.30466100573539734,"40":0.13702192902565002,"41":1.4985231161117554,"42":-2.222069263458252,"43":-0.02758188359439373,"44":-0.2769181430339813,"45":-0.15177854895591736,"46":0.27995556592941284,"47":-1.0799263715744019,"48":0.5852612853050232,"49":3.268735647201538,"50":4.880972862243652,"51":-0.030975759029388428,"52":1.665743350982666,"53":5.458250999450684,"54":3.2216484546661377,"55":3.9478633403778076,"56":2.597367286682129,"57":3.6709961891174316,"58":-0.37440943717956543,"59":0.47314417362213135,"60":5.089862823486328,"61":0.5415427088737488,"62":2.559126853942871,"63":3.4886131286621094,"64":0.0014694714918732643,"65":1.1542993783950806,"66":-0.0021156053990125656,"67":-0.07149282097816467,"68":-1.9925472736358643,"69":2.8725576400756836,"70":4.774139404296875,"71":2.7868263721466064,"72":20.006816864013672,"73":0.3377659320831299,"74":2.5201148986816406,"75":2.5305511951446533,"76":1.3423750400543213,"77":-0.9316478967666626,"78":-1.593585729598999,"79":3.1769537925720215,"80":4.087712287902832,"81":1.5215799808502197,"82":7.083085060119629,"83":3.15407657623291,"84":0.00735628604888916,"85":3.437112331390381,"86":0.1896708905696869,"87":4.268915176391602,"88":1.3993663787841797,"89":-4.167216777801514,"90":0.7842603921890259,"91":-0.014049381017684937,"92":-1.3415544033050537,"93":1.776136040687561,"94":-0.38215088844299316,"95":0.02099875546991825}