{"0":4.657853126525879,"1":-2.250227928161621,"2":-0.1351211965084076,"3":-0.2527105510234833,"4":-1.0884417295455933,"5":0.009514063596725464,"6":-2.054661989212036,"7":1.4615832567214966,"8":3.2197210788726807,"9":-1.6917895078659058,"10":6.286710739135742,"11":1.6482511758804321,"12":0.9798661470413208,"13":1.2622872591018677,"14":-0.42666876316070557,"15":0.3276131749153137,"16":-0.5988086462020874,"17":-0.04949665069580078,"18":-0.21823367476463318,"19":-0.48017269372940063,"20":1.6591588258743286,"21":4.145267009735107,"22":-0.04252348840236664,"23":-0.1761465072631836,"24":0.14188459515571594,"25":-0.47807762026786804,"26":0.8731464147567749,"27":-0.40453141927719116,"28":-0.7413681745529175,"29":5.289874076843262,"30":-1.4883980751037598,"31":-2.368945598602295,"32":5.7234086990356445,"33":-0.11828723549842834,"34":-1.7024095058441162,"35":-1.5516645908355713,"36":0.6196994781494141,"37":1.9399610757827759,"38":-0.6500523090362549,"39":-0.14588703215122223,"40":-0.03955778479576111,"41":-0.2420104444026947,"42":0.45551809668540955,"43":0.165684774518013,"44":0.8397369384765625,"45":0.9592283368110657,"46":3.224818468093872,"47":-0.7645807862281799,"48":2.4340882301330566,"49":0.15498459339141846,"50":-0.21237064898014069,"51":-0.311251699924469,"52":0.4538709819316864,"53":0.15381115674972534,"54":-0.10663944482803345,"55":-0.635299801826477,"56":1.4771838188171387,"57":-1.9448033571243286,"58":0.09733855724334717,"59":-0.10208788514137268,"60":-2.4610679149627686,"61":-0.4924764037132263,"62":-1.1852836608886719,"63":1.95330810546875,"64":0.6642796993255615,"65":-0.19017332792282104,"66":1.8841512203216553,"67":-0.025748789310455322,"68":2.5168888568878174,"69":-1.388901948928833,"70":-0.4465930163860321,"71":0.08938207477331161,"72":-1.4770820140838623,"73":-0.10753627121448517,"74":0.33022254705429077,"75":2.129808187484741,"76":2.2152864933013916,"77":-3.2145354747772217,"78":-0.05889327451586723,"79":-0.061888813972473145,"80":4.375984191894531,"81":-0.17497780919075012,"82":0.3977305293083191,"83":0.12673340737819672,"84":-0.5862892866134644,"85":-0.9717710018157959,"86":-0.966613233089447,"87":1.5459901094436646,"88":-0.0023438334465026855,"89":3.3519394397735596,"90":0.26412874460220337,"91":-0.10389809310436249,"92":0.11146622896194458,"93":2.0679914951324463,"94":-0.1464812159538269,"95":0.12924279272556305,"96":-0.7301201820373535,"97":0.1596684604883194,"98":-0.12868857383728027,"99":0.1506473273038864,"100":2.8976247310638428,"101":2.787635326385498,"102":-0.28241685032844543,"103":0.515666663646698,"104":0.1178830936551094,"105":-0.04857882857322693,"106":2.1438510417938232,"107":-1.1295557022094727,"108":-0.5557297468185425,"109":-0.3680427670478821,"110":-2.298834800720215,"111":0.19877725839614868,"112":3.6427245140075684,"113":0.6302580833435059,"114":2.2455735206604004,"115":-1.1051545143127441,"116":0.1358889788389206,"117":3.0291359424591064,"118":-0.1160617470741272,"119":2.0685713291168213,"120":0.06540263444185257,"121":0.5419083833694458,"122":-0.3183932304382324,"123":-0.15914827585220337,"124":-1.0111528635025024,"125":-0.5748703479766846,"126":-2.339097738265991,"127":0.5049034357070923,"128":1.8008103370666504,"129":4.219197750091553,"130":0.8470351099967957,"131":-0.32650041580200195,"132":2.06559681892395,"133":-2.622162342071533,"134":0.34623050689697266,"135":1.0556811094284058,"136":-1.1813139915466309,"137":-0.21913453936576843,"138":-0.1444617658853531,"139":-0.029911428689956665,"140":0.11111735552549362,"141":0.11955045163631439,"142":2.2188615798950195,"143":-5.755956649780273,"144":0.2225528508424759,"145":0.41500669717788696,"146":-0.1389281451702118,"147":2.1087098121643066,"148":-0.23949599266052246,"149":1.9927756786346436,"150":2.114441394805908,"151":7.353813171386719,"152":-0.08890795707702637,"153":0.250946581363678,"154":0.2573476731777191,"155":-0.785584568977356,"156":0.20554792881011963,"157":0.15761524438858032,"158":0.10466939955949783,"159":-0.015773076564073563,"160":0.43755480647087097,"161":-0.139521062374115,"162":-0.6313271522521973,"163":2.34445858001709,"164":1.30037260055542,"165":0.2605271339416504,"166":0.9069209098815918,"167":0.3258056044578552,"168":-0.5527797937393188,"169":1.4755899906158447,"170":0.5043771266937256,"171":-0.11707156151533127,"172":0.39515072107315063,"173":-0.23196996748447418,"174":0.1454213559627533,"175":-0.0150441974401474,"176":0.43085652589797974,"177":-0.16847443580627441,"178":1.4540296792984009,"179":-17.753660202026367,"180":-0.1718330979347229,"181":0.1108073890209198,"182":-0.18358832597732544,"183":-1.0241594314575195,"184":2.4251227378845215,"185":1.4954144954681396,"186":0.5619118213653564,"187":0.5836321115493774,"188":0.030465632677078247,"189":0.3296780586242676,"190":0.14721223711967468,"191":-3.9662675857543945,"192":2.569237470626831,"193":1.3742817640304565,"194":-0.5633024573326111,"195":0.08293046057224274,"196":-0.1734582781791687,"197":-7.722870826721191,"198":-0.017465602606534958,"199":0.6738460063934326,"200":5.324535846710205,"201":0.11021754145622253,"202":0.8265184164047241,"203":-0.5934780240058899,"204":-0.3245161175727844,"205":-0.867240309715271,"206":-1.2859667539596558,"207":2.472775459289551,"208":-1.6223450899124146,"209":-2.7693676948547363,"210":-0.6512646675109863,"211":-2.3009798526763916,"212":-1.1487969160079956,"213":0.3439267873764038,"214":2.232769250869751,"215":-0.057602882385253906,"216":-1.6258816719055176,"217":-0.07458019256591797,"218":0.1196565181016922,"219":0.15454721450805664,"220":-0.8011491894721985,"221":1.693708896636963,"222":0.33509501814842224,"223":-0.29113298654556274,"224":0.1576094627380371,"225":-1.7893567085266113,"226":0.26259636878967285,"227":-0.13883867859840393,"228":2.362553596496582,"229":0.2710668444633484,"230":-1.6820406913757324,"231":0.24201586842536926,"232":-0.2218570113182068,"233":0.05594383180141449,"234":0.3756253123283386,"235":-0.11113572120666504,"236":1.9821743965148926,"237":-0.6843549013137817,"238":-0.5257136821746826,"239":1.7635936737060547,"240":0.16493622958660126,"241":4.721755504608154,"242":0.1665496826171875,"243":-0.2044663280248642,"244":-2.1098756790161133,"245":0.2957359552383423,"246":0.06491152942180634,"247":0.11107639968395233,"248":-1.347097396850586,"249":-0.052928484976291656,"250":0.35113978385925293,"251":0.6314298510551453,"252":-0.29154714941978455,"253":0.007617667317390442,"254":-1.543859839439392,"255":-1.075584053993225,"256":-0.18287158012390137,"257":0.00479479506611824,"258":0.013811349868774414,"259":0.1533803641796112,"260":-1.063731074333191,"261":-0.24722100794315338,"262":0.3140677809715271,"263":2.962282180786133,"264":0.9499379992485046,"265":0.0014091730117797852,"266":-0.6094946265220642,"267":2.9837939739227295,"268":-2.2957353591918945,"269":0.26527518033981323,"270":1.4819138050079346,"271":-0.8440320491790771,"272":-26.530336380004883,"273":-0.3635370135307312,"274":0.07751648873090744,"275":2.6153361797332764,"276":-1.3706555366516113,"277":0.5537665486335754,"278":-0.10026863217353821,"279":-0.38839656114578247,"280":-0.29324454069137573,"281":2.138218641281128,"282":-1.5883290767669678,"283":0.3132471442222595,"284":-4.725152015686035,"285":0.9084038138389587,"286":0.15165245532989502,"287":0.5695062875747681,"288":2.555748462677002,"289":3.635549545288086,"290":2.222912549972534,"291":-1.293556571006775,"292":-0.157151460647583,"293":0.744670569896698,"294":2.5450658798217773,"295":0.09604792296886444,"296":-2.3568592071533203,"297":-0.1266709715127945,"298":-0.6697570085525513,"299":0.31246331334114075,"300":-0.5111878514289856,"301":0.37825852632522583,"302":2.1462907791137695,"303":0.299426794052124,"304":0.30210381746292114,"305":0.40991145372390747,"306":-0.9671898484230042,"307":1.6781539916992188,"308":-1.4916901588439941,"309":-0.03215557336807251,"310":-2.964898109436035,"311":0.18870849907398224,"312":0.8663482666015625,"313":-0.023257911205291748,"314":-0.37909042835235596,"315":-0.4837530255317688,