{"0":-0.025290628895163536,"1":0.12919548153877258,"2":-31.876850128173828,"3":-37.072654724121094,"4":0.09658677130937576,"5":0.11177349835634232,"6":2.0878915786743164,"7":-19.647567749023438,"8":-0.0440552793443203,"9":4.3235602378845215,"10":-0.015528597868978977,"11":-13.984914779663086,"12":-0.008846945129334927,"13":1.8033053874969482,"14":0.0618085041642189,"15":0.017789876088500023,"16":-0.0012965613277629018,"17":-15.642359733581543,"18":-28.241100311279297,"19":-0.09909000992774963,"20":0.04197932034730911,"21":-0.0944606214761734,"22":-0.22509339451789856,"23":11.466715812683105,"24":-0.023078810423612595,"25":0.30206793546676636,"26":-22.05316734313965,"27":-38.744056701660156,"28":1.6017255783081055,"29":-1.5821619033813477,"30":4.09768009185791,"31":-29.134546279907227,"32":-0.13416115939617157,"33":4.910183906555176,"34":-0.34036925435066223,"35":-35.73279571533203,"36":0.011905407533049583,"37":0.30547234416007996,"38":0.01777791418135166,"39":0.07207226753234863,"40":0.0918465256690979,"41":-17.68422508239746,"42":-3.7767293453216553,"43":-0.06551363319158554,"44":0.101414255797863,"45":0.1493215262889862,"46":-0.3656799793243408,"47":30.623815536499023,"48":0.04397075995802879,"49":0.0903676226735115,"50":-5.596985340118408,"51":-10.763640403747559,"52":0.0632026344537735,"53":-1.350418210029602,"54":1.2114063501358032,"55":-21.112560272216797,"56":0.02715233527123928,"57":4.167515754699707,"58":0.029785102233290672,"59":1.3402191400527954,"60":0.003946754615753889,"61":1.6580023765563965,"62":0.002589525654911995,"63":0.03435166925191879,"64":-0.06578385084867477,"65":-19.95429229736328,"66":-4.457020282745361,"67":-0.06275678426027298,"68":-0.14431846141815186,"69":-0.04066428542137146,"70":-0.6907280683517456,"71":5.079517364501953,"72":-0.1727524846792221,"73":0.28173455595970154,"74":-47.119903564453125,"75":-28.578401565551758,"76":-0.0952896848320961,"77":-0.7140410542488098,"78":-8.286394119262695,"79":-2.185211658477783,"80":-0.3322669565677643,"81":1.1112475395202637,"82":-0.023217108100652695,"83":-29.25815773010254,"84":-0.09605475515127182,"85":0.32973822951316833,"86":0.05892057344317436,"87":0.003090295707806945,"88":0.16174177825450897,"89":-15.724396705627441,"90":-19.32561683654785,"91":-0.011561624705791473,"92":0.31057557463645935,"93":-0.057098012417554855,"94":0.03467615321278572,"95":50.16746139526367,"96":2.4160406589508057,"97":-1.300392508506775,"98":-16.11374282836914,"99":-40.62008285522461,"100":-2.4884109497070312,"101":-1.3979058265686035,"102":223.51609802246094,"103":8.151457786560059,"104":2.8735761642456055,"105":1.9259514808654785,"106":0.4663393497467041,"107":1.3824360370635986,"108":1.2527618408203125,"109":-11.008977890014648,"110":-1.1231019496917725,"111":-0.5919201374053955,"112":-1.855797290802002,"113":-13.346294403076172,"114":-18.92087745666504,"115":-0.09801427274942398,"116":-6.999723434448242,"117":0.09051773697137833,"118":1.0056778192520142,"119":65.51138305664062,"120":-0.5815346240997314,"121":0.2931080460548401,"122":-29.064899444580078,"123":-17.91392707824707,"124":0.11432167887687683,"125":-0.8613744378089905,"126":-11.197717666625977,"127":1.1209025382995605,"128":-0.6591132283210754,"129":4.345515727996826,"130":-0.09134183824062347,"131":-10.290152549743652,"132":-0.15263867378234863,"133":2.3758931159973145,"134":0.25921183824539185,"135":-0.05084342136979103,"136":0.33505064249038696,"137":-18.870777130126953,"138":37.22222137451172,"139":-0.09455280750989914,"140":6.691943168640137,"141":0.2484290450811386,"142":0.5465556979179382,"143":44.53483581542969,"144":0.06591770797967911,"145":0.07661336660385132,"146":-42.101524353027344,"147":-22.461761474609375,"148":0.10769574344158173,"149":-1.4360154867172241,"150":3.2084546089172363,"151":-1.9504950046539307,"152":0.08238965272903442,"153":3.7549901008605957,"154":0.005523280706256628,"155":-43.042144775390625,"156":0.05436360463500023,"157":-2.0601730346679688,"158":-0.04760617017745972,"159":0.011960924603044987,"160":-0.09808841347694397,"161":-10.070871353149414,"162":10.690591812133789,"163":-0.09710139036178589,"164":-0.15281563997268677,"165":0.026320023462176323,"166":-0.17170773446559906,"167":10.060559272766113,"168":-0.8846521377563477,"169":-0.1225011795759201,"170":-56.87874221801758,"171":-35.963226318359375,"172":0.23432190716266632,"173":-1.6524291038513184,"174":-8.224112510681152,"175":-4.450561046600342,"176":-0.8887622356414795,"177":3.2348759174346924,"178":0.017944738268852234,"179":-33.74427032470703,"180":-0.2302085906267166,"181":-8.245321273803711,"182":0.34702321887016296,"183":0.13475273549556732,"184":0.5634358525276184,"185":-14.45065975189209,"186":-42.82234191894531,"187":-0.0968259796500206,"188":0.9943035244941711,"189":0.2223009616136551,"190":-0.7453551888465881,"191":26.936309814453125,"192":0.2862216830253601,"193":0.12952874600887299,"194":-51.01836395263672,"195":2.6019644737243652,"196":0.047034796327352524,"197":-1.5284373760223389,"198":-4.636907577514648,"199":-30.307836532592773,"200":0.26791539788246155,"201":5.6321492195129395,"202":-0.03004337102174759,"203":-34.263755798339844,"204":0.06380697339773178,"205":-0.822047770023346,"206":-0.13920502364635468,"207":0.03657656908035278,"208":-0.23791192471981049,"209":-17.831544876098633,"210":-40.80527877807617,"211":-0.0910964086651802,"212":-0.8536668419837952,"213":0.20507988333702087,"214":-0.2340242862701416,"215":24.16561508178711}