{"0":-1.9608054161071777,"1":0.30450066924095154,"2":-0.5134445428848267,"3":0.3319437503814697,"4":2.151055097579956,"5":-0.21314465999603271,"6":-3.1182360649108887,"7":-0.6516205072402954,"8":-0.38036447763442993,"9":-0.8064157366752625,"10":2.574977397918701,"11":-0.2522629201412201,"12":0.15741991996765137,"13":3.0035042762756348,"14":6.070130348205566,"15":4.3164143562316895,"16":4.026143550872803,"17":-0.41364941000938416,"18":0.693653404712677,"19":-0.11143338680267334,"20":1.3650708198547363,"21":-0.20548418164253235,"22":-0.33508580923080444,"23":-1.813537359237671}