{"0":-1.5414601564407349,"1":-1.478758692741394,"2":-1.5275771617889404,"3":-1.6701146364212036,"4":-1.641124963760376,"5":-1.766518235206604,"6":-1.835342288017273,"7":-1.6902313232421875,"8":-1.604195475578308,"9":-1.6407485008239746,"10":-1.7934807538986206,"11":-1.478070855140686,"12":-1.4406144618988037,"13":-1.5074257850646973,"14":-1.545990228652954,"15":-1.510364055633545,"16":-1.5799678564071655}