{"0":2.4583287239074707,"1":2.600853204727173,"2":-0.28545302152633667,"3":-1.6384037733078003,"4":0.7755685448646545,"5":0.07824622094631195,"6":-4.32021427154541,"7":-0.13562989234924316,"8":0.5857682228088379,"9":-0.24797749519348145,"10":2.6611690521240234,"11":-1.819633960723877,"12":2.9663710594177246,"13":-3.23368763923645,"14":0.6081899404525757,"15":2.317777156829834,"16":2.8437063694000244,"17":-0.0750739723443985,"18":-1.4790726900100708,"19":0.7766901254653931,"20":2.525648355484009,"21":0.5393744111061096,"22":0.13978111743927002,"23":-1.891947627067566}