{"0":-1.2318943738937378,"1":-1.3867418766021729,"2":-47.55580139160156,"3":6.731545925140381,"4":-0.6808933019638062,"5":9.329816818237305,"6":5.026507377624512,"7":-3.369384288787842,"8":5.792895793914795,"9":6.6813249588012695,"10":-12.263954162597656,"11":4.499524116516113,"12":-1.565537452697754,"13":7.666263580322266,"14":2.9585845470428467,"15":-9.368709564208984,"16":-6.438488006591797,"17":1.2613836526870728,"18":-5.073570251464844,"19":-26.999555587768555,"20":-1.3823227882385254,"21":-0.8455440998077393,"22":2.29746413230896,"23":1.3302351236343384,"24":-3.403419256210327,"25":-0.8412420749664307,"26":-16.01123046875,"27":7.011701583862305,"28":0.5364707708358765,"29":-8.749626159667969,"30":-0.518439531326294,"31":-10.413272857666016,"32":-2.8459160327911377,"33":-8.392926216125488,"34":4.940467834472656,"35":4.076086521148682,"36":13.909685134887695,"37":7.605216026306152,"38":7.102455139160156,"39":2.3430356979370117,"40":13.55807113647461,"41":2.491703748703003,"42":-25.632457733154297,"43":7.873151779174805,"44":3.223440647125244,"45":-0.7481703758239746,"46":-0.7175602912902832,"47":-1.7360725402832031}