{"0":1.0042474269866943,"1":1.6992470026016235,"2":2.365769386291504,"3":1.0527980327606201,"4":3.2266619205474854,"5":2.610668659210205,"6":2.4669418334960938,"7":1.9674086570739746,"8":1.9538793563842773,"9":5.479052543640137,"10":-1.7908703088760376,"11":2.1238207817077637,"12":2.8066701889038086,"13":-0.7960770130157471,"14":4.290541648864746,"15":3.5132269859313965,"16":-4.103436470031738,"17":1.3959988355636597,"18":0.12719812989234924,"19":1.438347578048706,"20":2.484355926513672,"21":6.850090980529785,"22":3.1839866638183594,"23":1.678229570388794,"24":2.130319118499756,"25":1.869422197341919,"26":-2.495619058609009,"27":1.371781349182129,"28":4.934545993804932,"29":1.8062658309936523,"30":0.2759871482849121,"31":1.6912257671356201,"32":-0.5510176420211792,"33":3.8582262992858887,"34":2.577672004699707,"35":3.241034507751465,"36":2.7671444416046143,"37":1.2271714210510254,"38":1.5875000953674316,"39":3.290259599685669,"40":2.2904844284057617,"41":2.512850284576416,"42":4.650203704833984,"43":1.6332118511199951,"44":1.2573081254959106,"45":3.4616496562957764,"46":2.138245105743408,"47":1.5098503828048706,"48":5.160102367401123,"49":5.435886383056641,"50":1.874913215637207,"51":9.345706939697266,"52":4.008049488067627,"53":0.26837438344955444,"54":5.220111846923828,"55":-5.967205047607422,"56":10.493316650390625,"57":1.9219000339508057,"58":2.828076124191284,"59":3.3692874908447266,"60":-5.169336795806885,"61":4.149162769317627,"62":-0.22234833240509033,"63":4.496370315551758,"64":3.1277248859405518,"65":2.8463127613067627,"66":0.9522103071212769,"67":-1.3656014204025269,"68":3.3435006141662598,"69":1.0844488143920898,"70":-3.3160672187805176,"71":3.24462890625,"72":3.203227996826172,"73":0.8480277061462402,"74":2.2818429470062256,"75":1.7428361177444458,"76":2.7718865871429443,"77":3.472447395324707,"78":2.414123296737671,"79":5.586108684539795,"80":5.551476955413818,"81":1.8977781534194946,"82":5.668819904327393,"83":1.6223002672195435,"84":2.3867032527923584,"85":4.125965118408203,"86":3.768188953399658,"87":1.0306535959243774,"88":5.286839962005615,"89":3.3663477897644043,"90":2.2726633548736572,"91":0.1255764663219452,"92":-0.2997681498527527,"93":1.6671209335327148,"94":2.6067652702331543,"95":0.24296486377716064}