{"0":-1.8666527271270752,"1":-0.20349985361099243,"2":-0.3209064304828644,"3":-1.1624821424484253,"4":0.3459913730621338,"5":-0.5694037675857544,"6":-0.6279588341712952,"7":-0.6767140030860901,"8":-0.25505849719047546,"9":-1.843372106552124,"10":0.6923006176948547,"11":-1.040942668914795,"12":0.31158727407455444,"13":-0.4670127332210541,"14":1.1094754934310913,"15":-0.2826988101005554,"16":1.277056097984314,"17":0.516644299030304,"18":-1.9723762273788452,"19":1.461780309677124,"20":0.5739612579345703,"21":-0.138980433344841,"22":0.21786201000213623,"23":0.7778835296630859,"24":0.47967132925987244,"25":0.5723274350166321,"26":0.5281851291656494,"27":0.18891403079032898,"28":0.8369399905204773,"29":0.4152302145957947,"30":0.4816270172595978,"31":-0.9152742624282837,"32":-1.5883104801177979,"33":0.9576223492622375,"34":-0.21535441279411316,"35":0.8732082843780518,"36":1.1963841915130615,"37":-0.27653634548187256,"38":0.6052644848823547,"39":0.21570740640163422,"40":-1.4755315780639648,"41":-0.4923888146877289,"42":0.06125670671463013,"43":-0.31391939520835876,"44":0.2930535078048706,"45":0.6205663084983826,"46":-0.3272923231124878,"47":1.4804446697235107,"48":-0.39219170808792114,"49":-0.9426946640014648,"50":-1.5263702869415283,"51":0.05436936020851135,"52":-0.488656222820282,"53":-0.385420024394989,"54":1.6153382062911987,"55":0.5538406372070312,"56":-0.23371514678001404,"57":-0.6261308193206787,"58":-0.46554702520370483,"59":1.2292248010635376,"60":1.1445266008377075,"61":-0.14371082186698914,"62":-0.17670628428459167,"63":0.7578215599060059,"64":-0.23593534529209137,"65":0.9827260971069336,"66":-0.6438355445861816,"67":-0.6547815203666687,"68":0.15137887001037598,"69":0.4282914102077484,"70":-0.38633614778518677,"71":-1.6146495342254639,"72":0.25970083475112915,"73":0.03277468681335449,"74":0.7764825224876404,"75":0.285145103931427,"76":-0.10775750875473022,"77":0.5211688876152039,"78":0.16078238189220428,"79":-1.7079780101776123,"80":-0.8308071494102478,"81":-0.7968764305114746,"82":-0.721616268157959,"83":0.3970329165458679,"84":-0.5646896362304688,"85":0.8192299604415894,"86":-1.8209872245788574,"87":0.7282973527908325,"88":0.5775360465049744,"89":0.6854735612869263,"90":-0.1552782654762268,"91":0.019425734877586365,"92":0.7215278148651123,"93":-1.1422117948532104,"94":0.15217232704162598,"95":-0.006824195384979248,"96":-1.407375693321228,"97":-1.331713318824768,"98":-0.38163965940475464,"99":0.9564026594161987,"100":-1.099346399307251,"101":0.8048229217529297,"102":0.5718405246734619,"103":-0.32478830218315125,"104":0.3625793159008026,"105":-0.24405813217163086,"106":0.7589170336723328,"107":1.439724087715149,"108":0.6225520372390747,"109":0.3900505602359772,"110":-1.5251133441925049,"111":0.6429204344749451,"112":-0.27001702785491943,"113":0.25528034567832947,"114":0.39934125542640686,"115":-0.22279441356658936,"116":1.2050905227661133,"117":0.9797842502593994,"118":0.06443814933300018,"119":-0.6724608540534973,"120":-1.4277101755142212,"121":0.3011682629585266,"122":-0.3874579668045044,"123":-0.5363777279853821,"124":-0.5087668895721436,"125":-0.38468366861343384,"126":-0.2777460217475891,"127":1.1445754766464233,"128":-0.6194311380386353,"129":0.3812585473060608,"130":1.4731552600860596,"131":-0.16845157742500305,"132":0.1593714952468872,"133":0.06427833437919617,"134":-0.7306689023971558,"135":0.8915684819221497,"136":0.8614951372146606,"137":-0.6854457259178162,"138":0.6840854287147522,"139":-1.0546340942382812,"140":-0.8925690650939941,"141":0.6287816166877747,"142":-1.0242094993591309,"143":-0.10046875476837158,"144":-0.6449206471443176,"145":0.5313221216201782,"146":0.6579071283340454,"147":-0.84697026014328,"148":0.457674115896225,"149":0.24579495191574097,"150":-0.7435668110847473,"151":-0.4553716778755188,"152":-1.2844964265823364,"153":0.8705313801765442,"154":0.8839994072914124,"155":-0.4997076094150543,"156":1.1175081729888916,"157":-0.42876681685447693,"158":0.4437357783317566,"159":1.0419219732284546,"160":0.7520231604576111,"161":0.61549973487854,"162":0.6077804565429688,"163":1.1602388620376587,"164":0.8926175832748413,"165":0.5417730212211609,"166":-0.15691594779491425,"167":-0.37983760237693787,"168":1.0277540683746338,"169":-1.1163690090179443,"170":0.02534911036491394,"171":-0.28699132800102234,"172":1.9055160284042358,"173":0.19749900698661804,"174":-0.3265300691127777,"175":0.49064233899116516,"176":0.7268533706665039,"177":1.6283079385757446,"178":0.6428556442260742,"179":1.0522421598434448,"180":-0.6593244075775146,"181":0.5068255066871643,"182":-0.3197942078113556,"183":0.9252030849456787,"184":0.012991160154342651,"185":0.32345902919769287,"186":-0.33049216866493225,"187":-1.322115421295166,"188":1.400010347366333,"189":-1.171811819076538,"190":0.8112184405326843,"191":0.43050023913383484,"192":0.5520652532577515,"193":-0.12216794490814209,"194":0.4677906632423401,"195":-1.9090399742126465,"196":0.9192492961883545,"197":0.7350053787231445,"198":1.313895344734192,"199":-0.6011559367179871,"200":-0.3567551374435425,"201":1.5929417610168457,"202":-0.40399834513664246,"203":0.16618579626083374,"204":-0.30620506405830383,"205":0.2687436044216156,"206":0.09813174605369568,"207":0.9110800623893738,"208":0.03384814038872719,"209":-0.6871896982192993,"210":0.8899333477020264,"211":-0.28292569518089294,"212":0.7161189317703247,"213":-0.2343152016401291,"214":-0.1182626485824585,"215":1.974792242050171,"216":-0.21608677506446838,"217":-1.2186635732650757,"218":2.0460550785064697,"219":1.223621129989624,"220":-0.3126804530620575,"221":0.39559680223464966,"222":-0.20664063096046448,"223":0.987777054309845,"224":1.2605607509613037,"225":0.6307501196861267,"226":-0.9684098362922668,"227":-0.9686866402626038,"228":-0.3465462327003479,"229":1.4595229625701904,"230":0.334152489900589,"231":0.6017785668373108,"232":-0.5802479982376099,"233":-0.580906867980957,"234":0.7005252838134766,"235":0.42216557264328003,"236":-0.8071402907371521,"237":0.6786450147628784,"238":0.5013368129730225,"239":0.7974047660827637,"240":0.27086135745048523,"241":-0.6322864294052124,"242":0.4283883273601532,"243":-0.09777796268463135,"244":-1.3835952281951904,"245":-1.4380590915679932,"246":-0.6351147890090942,"247":0.38101938366889954,"248":0.019137680530548096,"249":0.7508555054664612,"250":0.948216438293457,"251":0.4943673312664032,"252":1.0611064434051514,"253":-0.10719795525074005,"254":1.360661506652832,"255":-1.7441970109939575,"256":1.1584153175354004,"257":0.5015802383422852,"258":0.964341402053833,"259":-1.9000095129013062,"260":-0.1407732218503952,"261":0.605421245098114,"262":-0.17386828362941742,"263":-1.184282660484314,"264":0.993947446346283,"265":0.3287753462791443,"266":-1.1946130990982056,"267":1.9266085624694824,"268":0.5262899398803711,"269":0.0768396258354187,"270":-1.411255121231079,"271":0.896230936050415,"272":-0.2666494846343994,"273":-1.0175573825836182,"274":0.8636215329170227,"275":0.6376103162765503,"276":0.6270202994346619,"277":0.7793245315551758,"278":0.32079017162323,"279":-0.34882909059524536,"280":0.307097852230072,"281":1.3305271863937378,"282":0.6674590110778809,"283":-0.13140587508678436,"284":0.5844026803970337,"285":-0.6550071239471436,"286":-0.537926971912384,"287":-0.10799011588096619,"288":0.949118435382843,"289":1.249822735786438,"290":0.875924289226532,"291":0.402374267578125,"292":0.10633265972137451,"293":0.5707281827926636,"294":0.8687138557434082,"295":-0.5478502511978149,"296":-0.13265657424926758,"297":1.0276838541030884,"298":-0.9259398579597473,"299":0.7327985167503357,"300":-1.3663502931594849,"301":-0.23187977075576782,"302":-1.4270187616348267,"303":-0.1653425097465515,"304":0.43750548362731934,"305":-0.37310391664505005,"306":-0.5888203382492065,"307":0.24575699865818024,"308":0.6521495580673218,"309":-0.6130014061927795,"310":-1.5341014862060547,"311":0.412178635597229,"312":0.5535964965820312,"313":1.0972959995269775,"314":0.3240812420845032,"315":-0.681808352470398,"316":0.9732680320739746,