{"0":0.062170859426259995,"1":0.05793361738324165,"2":0.06190766766667366,"3":0.005763361696153879,"4":0.022692210972309113,"5":-0.20850162208080292,"6":-0.2559242248535156,"7":-0.07642699033021927,"8":-0.05547364056110382,"9":0.011835513636469841,"10":0.021305736154317856,"11":-0.08102598041296005,"12":-0.07574602961540222,"13":-0.05976361036300659,"14":-0.054864201694726944,"15":0.05477580800652504,"16":0.05799996480345726,"17":-0.008848704397678375,"18":0.041653748601675034,"19":-0.01827806979417801,"20":-0.07151293754577637,"21":0.09121563285589218,"22":-0.042435694485902786,"23":0.03743802011013031,"24":-0.020628176629543304,"25":-0.04746771976351738,"26":0.03539141267538071,"27":-0.0635952353477478,"28":-0.008788688108325005,"29":-0.009681806899607182,"30":-0.01121986098587513,"31":-0.02405942790210247,"32":0.007638166192919016,"33":-0.046123113483190536}