{"0":-0.13989710807800293,"1":2.2161803245544434,"2":8.056379318237305,"3":0.07951800525188446,"4":2.6907777786254883,"5":0.9466427564620972,"6":0.12055647373199463,"7":0.5055192708969116,"8":3.34134840965271,"9":0.4215282201766968,"10":-4.249871730804443,"11":-2.891629934310913,"12":0.14592209458351135,"13":0.6890880465507507,"14":-1.632983922958374,"15":2.3685848712921143,"16":5.2857160568237305,"17":5.676933288574219,"18":-0.04543650150299072,"19":0.019917991012334824,"20":0.2603991627693176,"21":2.295168399810791,"22":2.400874614715576,"23":-0.904287576675415,"24":3.66961669921875,"25":-0.026573002338409424,"26":3.259896993637085,"27":0.28879275918006897,"28":2.9722237586975098,"29":0.18437933921813965,"30":5.220358848571777,"31":0.10547178983688354,"32":1.4911631345748901,"33":12.702604293823242,"34":5.553287506103516,"35":0.8613318204879761,"36":2.7921504974365234,"37":1.0640230178833008,"38":2.9670324325561523,"39":0.40342211723327637,"40":5.195847511291504,"41":2.212827205657959,"42":2.5597636699676514,"43":-0.024080634117126465,"44":5.20752477645874,"45":0.2602694034576416,"46":-0.13469719886779785,"47":2.565768241882324,"48":0.2945653200149536,"49":1.3440916538238525,"50":4.026296615600586,"51":2.7065584659576416,"52":1.3310513496398926,"53":-9.419641494750977,"54":0.3969229459762573,"55":-0.44572344422340393,"56":0.007681488990783691,"57":0.11711783707141876,"58":8.149460792541504,"59":0.8209138512611389,"60":-1.8456065654754639,"61":0.4761742949485779,"62":-1.7025859355926514,"63":7.560153961181641,"64":-3.021413803100586,"65":4.94090461730957,"66":2.7154288291931152,"67":0.5499480366706848,"68":5.153259754180908,"69":5.966781139373779,"70":1.70944344997406,"71":0.6652624607086182,"72":-2.1646647453308105,"73":0.2038508653640747,"74":1.9166557788848877,"75":5.892752647399902,"76":-0.028870105743408203,"77":1.6374289989471436,"78":5.94127082824707,"79":1.3741813898086548,"80":2.0276553630828857,"81":0.337810218334198,"82":5.312828063964844,"83":6.022022247314453,"84":2.985621452331543,"85":0.839509129524231,"86":0.6689468622207642,"87":1.999214768409729,"88":3.611583709716797,"89":-3.071211338043213,"90":8.47177505493164,"91":-0.04154437780380249,"92":8.499696731567383,"93":0.1320372223854065,"94":0.5020292401313782,"95":6.08768892288208}