{"0":0.3541584610939026,"1":0.1674695909023285,"2":-0.22285647690296173,"3":1.0616207122802734,"4":0.383796751499176,"5":1.1430381536483765,"6":-3.938477039337158,"7":-1.4836093187332153,"8":0.07678832858800888,"9":-0.19663077592849731,"10":2.667868137359619,"11":0.15271639823913574,"12":0.34220582246780396,"13":-3.028432607650757,"14":0.18611717224121094,"15":-0.15048053860664368,"16":0.3135659694671631,"17":0.02114701271057129,"18":-0.1746731400489807,"19":-0.21838635206222534,"20":-0.009405331686139107,"21":2.5543994903564453,"22":-0.8595795035362244,"23":2.853449583053589,"24":-1.7007174491882324,"25":0.02385241910815239,"26":-0.21519063413143158,"27":2.9629313945770264,"28":0.3941192626953125,"29":0.24979138374328613,"30":3.0456383228302,"31":-0.6637891530990601,"32":-1.006064534187317,"33":0.35740646719932556,"34":0.12279172986745834,"35":-0.4848024845123291,"36":0.3063327670097351,"37":0.514835774898529,"38":0.20793145895004272,"39":0.6357214450836182,"40":2.5273778438568115,"41":-1.4555904865264893,"42":0.003508881665766239,"43":0.23507609963417053,"44":-3.125178337097168,"45":3.2711000442504883,"46":0.4750836491584778,"47":3.57122540473938,"48":-0.21093882620334625,"49":-0.22689275443553925,"50":-0.1405808925628662,"51":-2.0781400203704834,"52":0.2025710940361023,"53":0.3889562487602234,"54":-0.028683237731456757,"55":0.3124946355819702,"56":0.3947364091873169,"57":-0.00028791557997465134,"58":-0.2265598177909851,"59":-0.039725981652736664,"60":-0.05966334789991379,"61":-0.24331273138523102,"62":1.5078904628753662,"63":0.23659418523311615,"64":2.4203643798828125,"65":-1.0083463191986084,"66":-0.23363205790519714,"67":0.4980287551879883,"68":-1.153586506843567,"69":-1.3314536809921265,"70":0.4151011109352112,"71":0.3413916826248169,"72":0.34575995802879333,"73":2.6859991550445557,"74":0.1036124974489212,"75":0.12420912832021713,"76":-0.25157397985458374,"77":-0.30371615290641785,"78":-0.2620237469673157,"79":0.1993468999862671,"80":-0.5449663400650024,"81":0.6392379403114319,"82":0.021631445735692978,"83":-0.1378597915172577,"84":-0.046967096626758575,"85":0.7758547067642212,"86":0.339723140001297,"87":-0.0777638852596283,"88":-1.5976687669754028,"89":-0.2847743630409241,"90":-0.14765489101409912,"91":-1.4555447101593018,"92":0.020042508840560913,"93":0.3483372628688812,"94":0.2120661586523056,"95":1.0581344366073608,"96":0.37378624081611633,"97":0.6568742394447327,"98":0.8470895886421204,"99":2.3977484703063965,"100":-1.3060336112976074,"101":-2.157513380050659,"102":-3.057645320892334,"103":0.028000831604003906,"104":-0.7730363607406616,"105":-0.22875507175922394,"106":3.6210451126098633,"107":1.0296821594238281,"108":0.4106598496437073,"109":-1.9085279703140259,"110":0.05785411596298218,"111":-0.057538069784641266,"112":0.33006495237350464,"113":1.5447332859039307,"114":0.6785387992858887,"115":1.5191571712493896,"116":3.0405232906341553,"117":-0.14403364062309265,"118":-0.17879831790924072,"119":-0.011199025437235832,"120":-0.29986846446990967,"121":-0.49593475461006165,"122":-0.4620691239833832,"123":-0.05153858661651611,"124":-0.1405005007982254,"125":0.6596109867095947,"126":-2.1557395458221436,"127":-2.50856614112854,"128":0.2867738902568817,"129":-1.0299996137619019,"130":-0.004905179142951965,"131":-0.16088572144508362,"132":0.1126672551035881,"133":0.05668089911341667,"134":0.5170539617538452,"135":-1.9465328454971313,"136":0.5400490760803223,"137":-0.19844253361225128,"138":0.04480961337685585,"139":-0.22841167449951172,"140":2.6596009731292725,"141":0.3273293972015381,"142":-2.986788034439087,"143":-0.20852497220039368,"144":0.2492070347070694,"145":-3.190147876739502,"146":0.010384522378444672,"147":1.1417746543884277,"148":-0.1878059208393097,"149":0.3554927706718445,"150":0.2876291573047638,"151":0.45971447229385376,"152":-0.0034759510308504105,"153":-0.3781363368034363,"154":1.2639466524124146,"155":0.03331118822097778,"156":-0.6281167268753052,"157":-0.24810828268527985,"158":0.1543152928352356,"159":-0.22848841547966003,"160":-0.0673896074295044,"161":0.47396546602249146,"162":0.37885865569114685,"163":0.33763986825942993,"164":0.013639472424983978,"165":-2.6226577758789062,"166":-0.25497058033943176,"167":-2.466181755065918,"168":-0.18848159909248352,"169":-0.013182483613491058,"170":0.07908660173416138,"171":0.18232840299606323,"172":0.4389335513114929,"173":-2.928704261779785,"174":-0.21917623281478882,"175":0.5584892630577087,"176":2.192101240158081,"177":-0.29751870036125183,"178":0.005098119378089905,"179":0.27470436692237854,"180":-0.025485612452030182,"181":2.5736467838287354,"182":0.12995755672454834,"183":0.017089977860450745,"184":-0.2978805601596832,"185":-1.0527212619781494,"186":0.24978621304035187,"187":0.6919863224029541,"188":3.036825656890869,"189":-0.14700289070606232,"190":-0.07778427004814148,"191":0.08525651693344116,"192":-0.06561802327632904,"193":3.4168756008148193,"194":-0.30816036462783813,"195":-0.5282092094421387,"196":0.3334028124809265,"197":0.26021718978881836,"198":-0.24384817481040955,"199":0,"200":0.21642062067985535,"201":-0.2250702828168869,"202":5.091158390045166,"203":0.29916825890541077,"204":0.1370614618062973,"205":-0.4808045029640198,"206":3.562462568283081,"207":0.2902839779853821,"208":0.9635875821113586,"209":0.3618316352367401,"210":0.3632252812385559,"211":0.6271749138832092,"212":0.2912566363811493,"213":0.08698952943086624,"214":0.003562361001968384,"215":-5.077868938446045,"216":0.29910117387771606,"217":0.9083436131477356,"218":1.1305263042449951,"219":-1.0360468626022339,"220":0.08131740242242813,"221":-0.2959744334220886,"222":0.01695922762155533,"223":-0.060862019658088684,"224":0.4048045873641968,"225":-0.12978222966194153,"226":0.3114613890647888,"227":0.45550328493118286,"228":2.1345245838165283,"229":0.044043466448783875,"230":0.19435279071331024,"231":-0.43358373641967773,"232":-0.012752465903759003,"233":0.38161569833755493,"234":-0.009782273322343826,"235":0.13152197003364563,"236":0.03197638690471649,"237":0.3414442241191864,"238":0.4231996536254883,"239":0.007050991058349609,"240":0.27883055806159973,"241":-0.34925833344459534,"242":0.3348447382450104,"243":0.4511803090572357,"244":-0.17204546928405762,"245":-2.5885355472564697,"246":0.16545093059539795,"247":0.38266023993492126,"248":0.24613603949546814,"249":0.06533961743116379,"250":0.24642041325569153,"251":-0.06773872673511505,"252":-0.024972107261419296,"253":-0.05064886808395386,"254":1.6850634813308716,"255":-2.591339111328125,"256":-0.5083121061325073,"257":0.24631042778491974,"258":3.358189105987549,"259":0.6275368332862854,"260":-0.1258467733860016,"261":0.013379004783928394,"262":0.5527063012123108,"263":-0.2603343725204468,"264":0.29664450883865356,"265":-0.16932827234268188,"266":2.954752206802368,"267":-0.8968419432640076,"268":-3.4652183055877686,"269":-0.1902347058057785,"270":1.0728423595428467,"271":0.037047602236270905,"272":-1.4964097738265991,"273":-0.13812285661697388,"274":2.456178903579712,"275":-3.390990734100342,"276":-2.285637617111206,"277":0.5524522662162781,"278":-0.042995769530534744,"279":2.2820701599121094,"280":-0.4142460525035858,"281":-0.11239682137966156,"282":-0.2719988226890564,"283":-1.711313009262085,"284":0.3730441927909851,"285":-3.514397621154785,"286":-4.066203594207764,"287":3.5736892223358154,"288":-2.8619182109832764,"289":0.471867173910141,"290":0.052314694970846176,"291":4.1978654861450195,"292":0.28391122817993164,"293":-0.2064226120710373,"294":-0.005929786711931229,"295":-0.26384836435317993,"296":0.04168514907360077,"297":-0.17635713517665863,"298":2.7750706672668457,"299":-0.000015527009963989258,"300":0.49688947200775146,"301":-0.31452593207359314,"302":-0.43849921226501465,"303":0.18042154610157013,"304":0.4182589650154114,"305":0.38809141516685486,"306":3.614755868911743,"307":-0.20165230333805084,"308":-1.7304798364639282,"309":3.05005145072937,"310":-0.002347692847251892,"311":0.6124773025512695,"312":0.0038610994815826416,"313":1.7412619590759277,