{"0":-3.828421115875244,"1":-2.9110031127929688,"2":3.9790005683898926,"3":0.586250901222229,"4":-29.447307586669922,"5":-2.776951551437378,"6":3.396904230117798,"7":4.33662748336792,"8":-3.3951430320739746,"9":1.0337337255477905,"10":3.2249035835266113,"11":4.480456829071045,"12":-2.0642809867858887,"13":0.20274296402931213,"14":1.4344319105148315,"15":5.759140968322754,"16":1.3398358821868896,"17":-2.9900310039520264,"18":-3.3343091011047363,"19":2.352646827697754,"20":1.766806960105896,"21":-3.0369713306427,"22":-0.8647116422653198,"23":-2.1613094806671143,"24":3.783562183380127,"25":-5.832881927490234,"26":6.5452775955200195,"27":3.0962154865264893,"28":-0.8826746940612793,"29":0.48480093479156494,"30":6.094288349151611,"31":0.11388260126113892,"32":2.8013558387756348,"33":4.960296154022217,"34":-1.4822924137115479,"35":4.173802375793457,"36":0.675058901309967,"37":-0.4274132549762726,"38":1.8780500888824463,"39":-5.510561466217041,"40":-2.902773380279541,"41":0.2959021329879761,"42":-2.7267472743988037,"43":3.0037221908569336,"44":5.426520347595215,"45":-4.116029262542725,"46":3.798022747039795,"47":-2.577566623687744,"48":-1.766471266746521,"49":2.502300977706909,"50":-0.31722378730773926,"51":1.2548820972442627,"52":0.7882535457611084,"53":2.3540337085723877,"54":-4.350772857666016,"55":-8.393633842468262,"56":4.775871276855469,"57":-5.164400577545166,"58":2.06412935256958,"59":3.935157537460327,"60":-0.9439351558685303,"61":-3.8990089893341064,"62":2.293567419052124,"63":6.467745780944824,"64":3.1990981101989746,"65":0.3467373251914978,"66":-7.256553649902344,"67":-1.9876594543457031,"68":1.7473894357681274,"69":-3.5598771572113037,"70":-1.2825918197631836,"71":-1.0412189960479736,"72":1.528878927230835,"73":0.3612760603427887,"74":1.1684679985046387,"75":-3.6101839542388916,"76":0.1528969705104828,"77":3.330939769744873,"78":-3.379398822784424,"79":2.734915256500244,"80":-1.1591277122497559,"81":0.16742336750030518,"82":2.6587023735046387,"83":1.2375619411468506,"84":3.022575855255127,"85":0.5340631008148193,"86":-1.127703309059143,"87":3.203233003616333,"88":-1.6856906414031982,"89":3.1684677600860596,"90":0.7781383395195007,"91":0.5284157395362854,"92":0.7175517082214355,"93":1.08650541305542,"94":4.57445764541626,"95":-2.7509872913360596}