{"0":4.138386249542236,"1":-1.6482077836990356,"2":-0.007528252433985472,"3":1.715916633605957,"4":0.4783470034599304,"5":-0.20214805006980896,"6":-0.13015489280223846,"7":-0.004378657788038254,"8":0.29523301124572754,"9":-6.29280948638916,"10":0.2553566098213196,"11":2.1020455360412598,"12":0.023797331377863884,"13":-0.551774263381958,"14":-0.15556517243385315,"15":-0.1208115890622139,"16":0.011872503906488419,"17":0.38078439235687256,"18":17.317060470581055,"19":-0.07825344800949097,"20":-0.015191896818578243,"21":0.0735507383942604,"22":-0.0662517249584198,"23":-0.18512600660324097,"24":0.41867777705192566,"25":-0.292201966047287,"26":-0.10361867398023605,"27":0.02054804377257824,"28":2.1537728309631348,"29":0.307391881942749,"30":-0.16537074744701385,"31":-0.20458635687828064,"32":0.7265213131904602,"33":-0.21927139163017273,"34":-3.10420823097229,"35":-0.6691958904266357,"36":-0.19740897417068481,"37":0.2489328682422638,"38":0.3916199505329132,"39":1.574743390083313,"40":-0.03255202993750572,"41":-0.04396539553999901,"42":-0.08246183395385742,"43":-0.15667547285556793,"44":-0.3926323652267456,"45":-1.36152184009552,"46":0.4253634214401245,"47":-4.3875041007995605,"48":33.34219741821289,"49":-1.2311229705810547,"50":-0.018778735771775246,"51":-1.4679765701293945,"52":0.659687340259552,"53":-0.2127951681613922,"54":-0.13846121728420258,"55":-0.15823708474636078,"56":0.40073439478874207,"57":5.947444438934326,"58":0.29085108637809753,"59":0.302609384059906,"60":0.5666666626930237,"61":-0.324788361787796,"62":-0.18636609613895416,"63":-0.11184610426425934,"64":-0.0579211562871933,"65":0.38885053992271423,"66":30.731813430786133,"67":-0.07951422035694122,"68":0.2179938703775406,"69":0.21077752113342285,"70":-0.11666235327720642,"71":-0.26901111006736755,"72":-0.273085355758667,"73":1.0948690176010132,"74":0.05696734040975571,"75":-0.2857488989830017,"76":2.8209245204925537,"77":0.2669447362422943,"78":-0.34456804394721985,"79":-0.241782546043396,"80":0.9809513092041016,"81":-0.25491830706596375,"82":2.729097366333008,"83":-0.7519097328186035,"84":-0.2885340452194214,"85":0.7746245265007019,"86":-9.08398723602295,"87":1.9117921590805054,"88":-0.010771621949970722,"89":-0.08621589839458466,"90":-0.10517914593219757,"91":-0.2501216530799866,"92":-0.4247247576713562,"93":-2.189589738845825,"94":-0.4031423032283783,"95":-8.249556541442871,"96":23.799083709716797,"97":1.852412223815918,"98":-0.03892281651496887,"99":-0.07656973600387573,"100":0.23165714740753174,"101":0.058034300804138184,"102":-0.048880916088819504,"103":-0.04498311132192612,"104":0.12072388827800751,"105":-0.02149820886552334,"106":0.06545409560203552,"107":-0.1765316277742386,"108":-0.5345832705497742,"109":0.6645060181617737,"110":-0.020115535706281662,"111":-0.07817761600017548,"112":-0.029529765248298645,"113":0.09357911348342896,"114":9.817828178405762,"115":-0.00523320073261857,"116":0.09916765242815018,"117":0.052874621003866196,"118":-0.04568920284509659,"119":-0.05602443590760231,"120":-0.1020004004240036,"121":0.36747875809669495,"122":-0.011837097816169262,"123":0.05897441878914833,"124":0.679977536201477,"125":0.10533355176448822,"126":-0.2549923360347748,"127":-0.08850178122520447,"128":0.4447312653064728,"129":-0.07878285646438599,"130":0.6050114631652832,"131":-0.10886863619089127,"132":-0.1406307816505432,"133":0.3822953402996063,"134":8.012923240661621,"135":0.2663644552230835,"136":-0.02351105771958828,"137":-0.06247700750827789,"138":-0.06912033259868622,"139":-0.15364012122154236,"140":-0.23884043097496033,"141":-0.7396273016929626,"142":-0.02708275057375431,"143":-2.550074338912964,"144":40.1968994140625,"145":-2.336273193359375,"146":-0.10256782174110413,"147":2.825547456741333,"148":0.5642151832580566,"149":-0.2049873024225235,"150":0.4213453531265259,"151":0.36914095282554626,"152":0.4058534502983093,"153":-1.4166035652160645,"154":0.23019962012767792,"155":-0.006232361774891615,"156":-0.007296564988791943,"157":-1.7643704414367676,"158":-0.05985235795378685,"159":-0.13061563670635223,"160":-0.07382996380329132,"161":0.3823300898075104,"162":24.35955238342285,"163":-0.06875092536211014,"164":0.2149919867515564,"165":-0.41296622157096863,"166":-0.16811296343803406,"167":-0.308433473110199,"168":0.30105969309806824,"169":-0.20190808176994324,"170":0.3315126299858093,"171":4.984700679779053,"172":-1.9898009300231934,"173":0.3565139174461365,"174":-0.4999907910823822,"175":-0.23182454705238342,"176":0.4643562436103821,"177":-0.3361809551715851,"178":-3.984628915786743,"179":-0.7572015523910522,"180":-0.26085662841796875,"181":-3.587191104888916,"182":1.5220823287963867,"183":-0.6055968403816223,"184":0.14976198971271515,"185":0.6599968075752258,"186":-0.141705721616745,"187":-0.21422125399112701,"188":-0.4880524277687073,"189":-1.0838751792907715,"190":0.19610756635665894,"191":3.964139223098755,"192":28.539989471435547,"193":-1.2682712078094482,"194":-0.10767266154289246,"195":-2.323296308517456,"196":0.584836483001709,"197":-0.19316235184669495,"198":0.7811691164970398,"199":0.45875677466392517,"200":0.44345730543136597,"201":1.8016924858093262,"202":0.24944783747196198,"203":-1.0349377393722534,"204":0.038104552775621414,"205":-0.16504453122615814,"206":-0.07733123749494553,"207":-0.12449946999549866,"208":0.17496982216835022,"209":0.3099120259284973,"210":54.22478485107422,"211":-0.08686362951993942,"212":-0.801770806312561,"213":-0.7627421021461487,"214":-0.31525102257728577,"215":-0.3146584630012512,"216":-0.20361846685409546,"217":-0.010406335815787315,"218":-0.15616098046302795,"219":-4.265096187591553,"220":-2.0331480503082275,"221":0.3753257095813751,"222":-0.5216313004493713,"223":-0.3058927655220032,"224":0.5681411623954773,"225":-0.4878900945186615,"226":3.440657138824463,"227":-0.8742386698722839,"228":-0.36062633991241455,"229":-7.268603324890137,"230":-4.15372896194458,"231":-0.757689893245697,"232":-0.43744000792503357,"233":-0.1277015507221222,"234":-0.19163860380649567,"235":-0.3384750485420227,"236":-0.6945443749427795,"237":-1.7255910634994507,"238":-8.063213348388672,"239":7.306841850280762,"240":-0.2762798070907593,"241":2.093547821044922,"242":-0.01908734068274498,"243":-0.42420950531959534,"244":0.23514503240585327,"245":0.06581059098243713,"246":0.12208370864391327,"247":0.2781563699245453,"248":0.20161296427249908,"249":0.02637295052409172,"250":0.056540124118328094,"251":0.20065514743328094,"252":-0.2979055345058441,"253":2.173011302947998,"254":-0.04396022483706474,"255":-0.07291335612535477,"256":-0.32927900552749634,"257":0.007646231446415186,"258":16.22355842590332,"259":-0.011795156635344028,"260":0.272146612405777,"261":-0.13196684420108795,"262":-0.1515246331691742,"263":-0.0844380259513855,"264":-0.13681615889072418,"265":-0.11704974621534348,"266":0.0038927856367081404,"267":-0.2602936625480652,"268":-0.4076616168022156,"269":0.08967368304729462,"270":-0.1292504221200943,"271":-0.13801753520965576,"272":0.1903122514486313,"273":-0.10856480151414871,"274":0.48462504148483276,"275":-0.09238933026790619,"276":-0.20021508634090424,"277":-1.9697258472442627,"278":2.9682118892669678,"279":-0.18808512389659882,"280":0.053923267871141434,"281":-0.19542643427848816,"282":-0.11902626603841782,"283":-0.2152532935142517,"284":-0.2900184690952301,"285":-0.7100556492805481,"286":7.706321716308594,"287":2.65529465675354,"288":18.142812728881836,"289":0.35286563634872437,"290":-0.06524331122636795,"291":0.7163972854614258,"292":0.18910659849643707,"293":0.07152755558490753,"294":0.11735642701387405,"295":0.33359649777412415,"296":0.18875601887702942,"297":-0.0558987632393837,"298":0.10412638634443283,"299":-0.49863699078559875,"300":-0.059783801436424255,"301":-0.9547173976898193,"302":-0.02705482579767704,"303":-0.11353888362646103,"304":0.08776560425758362,"305":0.09017927199602127,"306":2.1510987281799316,"307":-0.00428322609513998,"308":0.03894488140940666,"309":-0.06782542169094086,"310":-0.11040930449962616,"311":-0.08472513407468796,