{"0":1.5618255138397217,"1":-1.6859796047210693,"2":-2.0386972427368164,"3":1.830562710762024,"4":1.6830146312713623,"5":-1.139722466468811,"6":-0.9522954225540161,"7":0.09471583366394043,"8":0.42153722047805786,"9":-0.027846038341522217,"10":0.3018074631690979,"11":-0.04717320203781128,"12":-1.6633881330490112,"13":-2.9753828048706055,"14":-2.265761375427246,"15":6.207606792449951,"16":1.676616907119751,"17":-0.7329100370407104,"18":1.7117506265640259,"19":0.7378724813461304,"20":-0.09743216633796692,"21":0.22713837027549744,"22":3.3366594314575195,"23":-0.15012994408607483,"24":2.2999422550201416,"25":-0.9014871716499329,"26":0.2485811710357666,"27":1.2196227312088013,"28":-0.018543481826782227,"29":-1.7976958751678467,"30":0.5418429970741272,"31":0.1949043869972229,"32":-0.17969784140586853,"33":-0.17083942890167236,"34":-0.14491969347000122,"35":-0.27123236656188965,"36":0.5055275559425354,"37":1.497957468032837,"38":-0.2646383047103882,"39":1.3752450942993164,"40":-0.13239842653274536,"41":-1.9690189361572266,"42":-0.0030135512351989746,"43":0.6643390655517578,"44":0.26610517501831055,"45":2.800550937652588,"46":-2.1386728286743164,"47":0.3552335500717163,"48":-2.0428667068481445,"49":2.2146477699279785,"50":-0.01734476163983345,"51":-0.13914263248443604,"52":0.33129966259002686,"53":1.1606934070587158,"54":-1.6643807888031006,"55":0.13115832209587097,"56":-0.19539441168308258,"57":-0.21076416969299316,"58":3.2254297733306885,"59":0.42089492082595825,"60":-2.505122423171997,"61":0.39150792360305786,"62":0.17279762029647827,"63":-0.49850377440452576,"64":2.091356039047241,"65":0.23240762948989868,"66":-5.188652515411377,"67":-1.0383936166763306,"68":1.7086950540542603,"69":0.21653887629508972,"70":-0.10108202695846558,"71":0.9918625354766846,"72":0.024528801441192627,"73":-0.11963321268558502,"74":0.7381362318992615,"75":-1.2033151388168335,"76":-0.941475510597229,"77":-0.2006661742925644,"78":0.9606868624687195,"79":1.9457980394363403,"80":5.71784782409668,"81":-0.007223218679428101,"82":1.9799556732177734,"83":-1.4989019632339478,"84":0.04693542420864105,"85":-0.33608677983283997,"86":0.10625740885734558,"87":2.0147762298583984,"88":-2.011098623275757,"89":0.39384517073631287,"90":-1.4611722230911255,"91":-0.009101778268814087,"92":0.6378641724586487,"93":-0.07031816244125366,"94":1.891427755355835,"95":3.9911484718322754,"96":-0.33489787578582764,"97":-0.24369654059410095,"98":2.603708028793335,"99":4.880157947540283,"100":2.035515785217285,"101":1.3679171800613403,"102":-1.460695505142212,"103":0.3789821267127991,"104":0.030542105436325073,"105":-0.14003193378448486,"106":0.3515183925628662,"107":1.1668508052825928,"108":0.1006334125995636,"109":1.8444888591766357,"110":-0.008640378713607788,"111":-0.3991093039512634,"112":1.524278163909912,"113":-0.6455560922622681,"114":0.39896488189697266,"115":-0.10326346755027771,"116":-0.6021724939346313,"117":-1.0257723331451416,"118":-2.3158392906188965,"119":-0.04297474026679993,"120":0.7411911487579346,"121":-1.0382347106933594,"122":0.09669005870819092,"123":1.3219407796859741,"124":-1.5184170007705688,"125":3.3254878520965576,"126":0.21757705509662628,"127":-0.08982032537460327,"128":-2.1694419384002686,"129":1.7305305004119873,"130":-1.374451994895935,"131":-0.9656729698181152,"132":-0.923976480960846,"133":-3.1107254028320312,"134":-1.5266066789627075,"135":-0.7845376133918762,"136":7.208069324493408,"137":3.4495110511779785,"138":7.4949140548706055,"139":0.006882190704345703,"140":0.1867498755455017,"141":-0.3289256691932678,"142":-0.09652949124574661,"143":-0.8994947075843811,"144":0.22165325284004211,"145":1.3535047769546509,"146":0.00048382580280303955,"147":2.314580202102661,"148":0.20085029304027557,"149":0.08905816078186035,"150":-0.2002062052488327,"151":-0.13167749345302582,"152":0.036848604679107666,"153":-0.1360316276550293,"154":-0.7681463956832886,"155":-2.5144903659820557,"156":-0.539432942867279,"157":-0.015488777309656143,"158":1.5423834323883057,"159":3.335736036300659,"160":-0.2336995005607605,"161":0.6357682943344116,"162":-0.0004597678780555725,"163":0.12229359149932861,"164":0.03958180546760559,"165":-0.03497762233018875,"166":-1.761821985244751,"167":-0.2526342272758484,"168":-1.9118080139160156,"169":-1.696418285369873,"170":-3.8840198516845703,"171":1.5648434162139893,"172":-1.9604281187057495,"173":-1.7233917713165283,"174":0.06777925789356232,"175":3.1283438205718994,"176":0.05350607633590698,"177":-1.4073423147201538,"178":-0.46765172481536865,"179":0.09871435910463333,"180":0.6246224045753479,"181":0.3209373354911804,"182":-0.10650955140590668,"183":-0.5856313109397888,"184":-0.02426093816757202,"185":-1.3401415348052979,"186":2.615551471710205,"187":-0.5494704246520996,"188":-0.009915128350257874,"189":-2.0861902236938477,"190":-1.2899225950241089,"191":1.747795820236206,"192":-0.8667282462120056,"193":1.8850435018539429,"194":0.11732767522335052,"195":-0.9095349311828613,"196":0.8448902368545532,"197":0.08959682285785675,"198":-0.5971063375473022,"199":-1.4690074920654297,"200":0.4177532196044922,"201":-1.0500953197479248,"202":0.22062885761260986,"203":1.7539372444152832,"204":-0.1760830581188202,"205":0.17707014083862305,"206":4.662269115447998,"207":1.4159650802612305,"208":-0.033546291291713715,"209":2.3294754028320312,"210":-1.0493083000183105,"211":-0.07357193529605865,"212":-0.36081409454345703,"213":2.4513673782348633,"214":0.231339693069458,"215":1.0207723379135132,"216":1.248552918434143,"217":-0.5841732621192932,"218":1.017169713973999,"219":-0.823959469795227,"220":0.7904175519943237,"221":-1.6277707815170288,"222":0.0599619559943676,"223":0.18793119490146637,"224":-0.7528712749481201,"225":2.631608247756958,"226":1.6806871891021729,"227":-0.11218351125717163,"228":-0.05319082736968994,"229":-0.038600608706474304,"230":-1.1151725053787231,"231":-1.1020724773406982,"232":0.2011263370513916,"233":-0.6819648146629333,"234":-0.1487889587879181,"235":0.19737735390663147,"236":-0.6116291284561157,"237":-0.00912502408027649,"238":-1.2988860607147217,"239":-1.2570286989212036,"240":-0.5352911353111267,"241":-0.17455026507377625,"242":0.3963189721107483,"243":0.39501094818115234,"244":0.30033186078071594,"245":0.03105727583169937,"246":-0.08222609758377075,"247":-0.045491814613342285,"248":3.5633583068847656,"249":1.2603919506072998,"250":-0.09646435081958771,"251":-0.02163749933242798,"252":-0.27415400743484497,"253":0.354695588350296,"254":0.04884883761405945,"255":-0.3951929807662964,"256":-2.5008559226989746,"257":0.08644293248653412,"258":0.16411973536014557,"259":0.07771603763103485,"260":-0.3300597667694092,"261":0.0064491331577301025,"262":0.09720489382743835,"263":0.03367733955383301,"264":0.211263969540596,"265":0.44617190957069397,"266":-1.0973079204559326,"267":0.011725455522537231,"268":-1.6934905052185059,"269":-0.6564870476722717,"270":-2.867919921875,"271":0.11595788598060608,"272":-0.6194438338279724,"273":0.14198407530784607,"274":-0.8804961442947388,"275":0.7150745987892151,"276":1.3739776611328125,"277":0.4275428056716919,"278":0.004081485792994499,"279":-0.9441211223602295,"280":1.222434639930725,"281":-0.37318652868270874,"282":-0.28432562947273254,"283":6.016284942626953,"284":-1.751525640487671,"285":1.6733595132827759,"286":-0.2527068555355072,"287":-3.432222366333008,"288":-0.7835876941680908,"289":-0.7670438289642334,"290":1.1734793186187744,"291":-1.01937735080719,"292":1.0019267797470093,"293":1.523716688156128,"294":0.7582418918609619,"295":0.6490269899368286,"296":-0.10058236122131348,"297":-0.17187604308128357,"298":-2.3154609203338623,"299":-0.7621713876724243,"300":0.22316980361938477,"301":0.24021781980991364,"302":-0.2740491032600403,"303":-0.5493141412734985,"304":0.014489471912384033,"305":-0.4466801881790161,"306":-0.21193116903305054,"307":0.49000489711761475,"308":-0.9380379915237427,"309":1.355439305305481,"310":0.1579567790031433,"311":-2.3120362758636475,"312":-0.7111703753471375,"313":-0.16705146431922913,