{"0":-0.07096601277589798,"1":-0.00859419722110033,"2":-0.016300080344080925,"3":-0.04153014346957207,"4":-0.015384632162749767,"5":-0.06200534850358963,"6":-0.039588700979948044,"7":-0.01975136063992977,"8":-0.023383961990475655,"9":0.026004116982221603,"10":0.007413444109261036,"11":-0.050967201590538025,"12":-0.049158960580825806,"13":0.014808590523898602,"14":0.014633436687290668,"15":0.0749659612774849,"16":0.06995702534914017,"17":0.0032237637788057327,"18":-0.02013622783124447,"19":0.023019177839159966,"20":-0.0750846117734909,"21":0.04669018089771271,"22":0.018048856407403946,"23":-0.025084098801016808,"24":0.06491819024085999,"25":-0.027420444414019585,"26":0.02419573999941349,"27":0.0033343408722430468,"28":0.009222458116710186,"29":-0.03160008415579796,"30":0.024353861808776855,"31":0.002368181711062789,"32":0.019692623987793922,"33":-0.010100745595991611}