{"0":0.6461069583892822,"1":-0.2310861051082611,"2":0.04972704499959946,"3":3.7090001106262207,"4":2.281336784362793,"5":1.8987345695495605,"6":0.3158745765686035,"7":0.13744325935840607,"8":-0.14771044254302979,"9":0.1877136081457138,"10":0.04551365226507187,"11":0.13505995273590088,"12":5.128398418426514,"13":0.322002112865448,"14":5.143918037414551,"15":0.6823512315750122,"16":4.621849060058594,"17":0.18276351690292358,"18":0.0061385780572891235,"19":2.040133476257324,"20":0.11412900686264038,"21":-1.5005860328674316,"22":4.428295135498047,"23":0.18595528602600098,"24":0.12611722946166992,"25":5.766728401184082,"26":-6.7600908279418945,"27":0.5393350720405579,"28":0.14571058750152588,"29":-5.236320495605469,"30":0.20392072200775146,"31":1.7702016830444336,"32":-4.5004401206970215,"33":6.776867866516113,"34":1.6592391729354858,"35":0.5000255107879639,"36":-0.2331409901380539,"37":5.912042140960693,"38":2.0991034507751465,"39":0.03442585468292236,"40":1.858640193939209,"41":5.74164342880249,"42":7.406904220581055,"43":-0.13139677047729492,"44":1.9107141494750977,"45":17.632841110229492,"46":0.2511967718601227,"47":0.2861524820327759,"48":0.37624359130859375,"49":0.07898829877376556,"50":-3.1670145988464355,"51":5.714922904968262,"52":-0.7716527581214905,"53":2.063490629196167,"54":1.9453480243682861,"55":5.945279121398926,"56":-0.08424192667007446,"57":3.75801157951355,"58":-0.09585504233837128,"59":-0.339529812335968,"60":-0.1771935224533081,"61":0.11582112312316895,"62":2.310431957244873,"63":0.049919456243515015}