{"0":2.0410404205322266,"1":-0.11445121467113495,"2":0.02355625480413437,"3":-1.3115463256835938,"4":-1.4234845638275146,"5":3.091304063796997,"6":2.881587505340576,"7":-0.27090176939964294,"8":-1.4544655084609985,"9":-0.7583162188529968,"10":0.7566624879837036,"11":3.1560823917388916,"12":2.5821943283081055,"13":-2.6318459510803223,"14":2.546478748321533,"15":5.401065826416016,"16":2.0057027339935303,"17":-1.5969475507736206,"18":2.9635355472564697,"19":3.470123052597046,"20":3.9428563117980957,"21":3.108987808227539,"22":-1.4050297737121582,"23":-7.391877174377441,"24":1.3036713600158691,"25":2.5750906467437744,"26":-3.6405301094055176,"27":2.6312499046325684,"28":5.314176082611084,"29":-0.15847232937812805,"30":0.16973045468330383,"31":0.36449623107910156}