{"0":-0.305636465549469,"1":-0.21100427210330963,"2":-0.20448599755764008,"3":-0.13747335970401764,"4":-0.14123226702213287,"5":-0.4183611571788788,"6":-0.3797251880168915,"7":0.03751246631145477,"8":0.00428647268563509,"9":0.10416573286056519,"10":0.0648508295416832,"11":0.04833807051181793,"12":0.03850302845239639,"13":0.045258764177560806,"14":0.01808174140751362,"15":0.30253568291664124,"16":0.28424885869026184,"17":-0.06877141445875168,"18":-0.09568191319704056,"19":0.010183361358940601,"20":-0.05399760603904724,"21":0.08653471618890762,"22":0.047470156103372574,"23":-0.1033332422375679,"24":0.13187919557094574,"25":-0.026921642944216728,"26":0.035409051924943924,"27":-0.05273255705833435,"28":-0.07577714323997498,"29":-0.010750514455139637,"30":0.052410464733839035,"31":-0.022470619529485703,"32":0.0036105625331401825,"33":-0.04749144986271858}