{"0":-0.15526078641414642,"1":-19.770172119140625,"2":-2.7639238834381104,"3":7.303570747375488,"4":-8.464591026306152,"5":-0.45245081186294556,"6":-0.019686538726091385,"7":1.177781105041504,"8":-1.7900829315185547,"9":0.2488795816898346,"10":-0.7380765676498413,"11":0.21592773497104645,"12":-1.0686966180801392,"13":-22.36290740966797,"14":-0.03958319127559662,"15":0.17169605195522308,"16":-0.5898104906082153,"17":39.918495178222656,"18":-1.2967568635940552,"19":0.24675299227237701,"20":0.28251466155052185,"21":0.13290193676948547,"22":36.307838439941406,"23":3.6328017711639404,"24":-0.2056475579738617,"25":0.1570882946252823,"26":-6.744825839996338,"27":0.2922990620136261,"28":0.16467618942260742,"29":-12.805272102355957,"30":0.07585529237985611,"31":-0.13302114605903625,"32":0.48612627387046814,"33":-13.859480857849121,"34":-2.0562586784362793,"35":-11.41384220123291,"36":26.455608367919922,"37":3.8077642917633057,"38":-0.1106981411576271,"39":1.1798478364944458,"40":-30.88434410095215,"41":-0.1457056850194931,"42":1.0235244035720825,"43":-0.0028239060193300247,"44":8.292488098144531,"45":-20.86467170715332,"46":0.056107595562934875,"47":-0.553362250328064,"48":0.9415409564971924,"49":-4.685654640197754,"50":8.357449531555176,"51":0.9703596234321594,"52":-2.597426176071167,"53":-1.5901515483856201,"54":51.41445541381836,"55":-26.910526275634766,"56":0.20424923300743103,"57":-0.5756351947784424,"58":127.42852020263672,"59":0.5274513363838196,"60":-0.6487327218055725,"61":-5.594252109527588,"62":-0.023692404851317406,"63":-0.15630055963993073,"64":-0.18169087171554565,"65":-18.48225212097168,"66":-2.216832399368286,"67":22.179441452026367,"68":17.675046920776367,"69":0.07137156277894974,"70":0.0581820048391819,"71":-0.3232283294200897,"72":-3.448561668395996,"73":0.182194784283638,"74":-0.8149888515472412,"75":-0.15959830582141876,"76":1.792436957359314,"77":-18.98267364501953,"78":-0.24472804367542267,"79":0.2188253253698349,"80":-0.5987947583198547,"81":29.693925857543945,"82":-1.6710922718048096,"83":-1.6612894535064697,"84":0.3028101325035095,"85":0.21087947487831116,"86":20.675302505493164,"87":9.705621719360352,"88":-0.33017697930336,"89":-0.21574458479881287,"90":49.049869537353516,"91":-0.03987710922956467,"92":0.3733535706996918,"93":-12.872617721557617,"94":-0.06959277391433716,"95":-0.14528612792491913,"96":-0.20764343440532684,"97":-4.033247470855713,"98":-1.7428144216537476,"99":10.744185447692871,"100":-4.1232123374938965,"101":0.8496333360671997,"102":-0.037962913513183594,"103":1.457669734954834,"104":14.406682014465332,"105":-0.2550826966762543,"106":-0.1899981051683426,"107":6.907384395599365,"108":0.6789313554763794,"109":-21.897106170654297,"110":0.13795816898345947,"111":-0.41745516657829285,"112":0.3364725112915039,"113":0.06763505190610886,"114":-0.2641093134880066,"115":-0.3959757089614868,"116":-0.029155604541301727,"117":0.03267696872353554,"118":32.97019577026367,"119":-12.937299728393555,"120":-0.6110469698905945,"121":-0.3973046839237213,"122":-13.077325820922852,"123":-7.918541431427002,"124":-0.4746869206428528,"125":-15.000574111938477,"126":0.028565682470798492,"127":-0.13160650432109833,"128":4.175996780395508,"129":4.89597225189209,"130":-1.4762976169586182,"131":-19.822912216186523,"132":22.480144500732422,"133":1.9323710203170776,"134":1.2394376993179321,"135":0.5757501125335693,"136":-65.79037475585938,"137":0.11773156374692917,"138":3.713895082473755,"139":0.02310376986861229,"140":-7.5461812019348145,"141":-25.144580841064453,"142":5.956592082977295,"143":-0.9952175617218018,"144":2.1526060104370117,"145":27.206491470336914,"146":-5.676055908203125,"147":-7.130971431732178,"148":1.8261817693710327,"149":1.252052664756775,"150":34.9582405090332,"151":-50.83964157104492,"152":3.0825142860412598,"153":-7.317153453826904,"154":0.42460787296295166,"155":6.881738185882568,"156":-0.8271923661231995,"157":-18.325397491455078,"158":-0.2272825539112091,"159":-0.0851251482963562,"160":-0.4038890302181244,"161":-15.986488342285156,"162":-2.32138991355896,"163":15.458136558532715,"164":14.162018775939941,"165":1.5296660661697388,"166":-0.31858932971954346,"167":1.099460482597351,"168":-19.41483497619629,"169":0.24550510942935944,"170":-0.7880032658576965,"171":-6.903236389160156,"172":-1.9962084293365479,"173":-11.00173568725586,"174":-5.958054065704346,"175":0.34194374084472656,"176":-0.502358078956604,"177":37.5411491394043,"178":0.1549670249223709,"179":7.920705318450928,"180":-0.03810468316078186,"181":-0.10279043763875961,"182":37.48062515258789,"183":-4.182464599609375,"184":-0.7034230828285217,"185":8.12280559539795,"186":28.155115127563477,"187":0.5855041146278381,"188":0.17862138152122498,"189":-10.99789810180664,"190":-0.3940081000328064,"191":-0.1412154585123062,"192":0.3153038024902344,"193":-16.76614761352539,"194":-0.5038536190986633,"195":12.903070449829102,"196":12.193550109863281,"197":-0.3358190953731537,"198":0.0030237219762057066,"199":3.269770860671997,"200":26.309118270874023,"201":-0.01237406488507986,"202":0.19105379283428192,"203":0.5460106134414673,"204":0.2702657878398895,"205":-21.138885498046875,"206":-0.07145731896162033,"207":0.13908208906650543,"208":-0.15050609409809113,"209":43.80861282348633,"210":0.6685695648193359,"211":0.2337893396615982,"212":0.027642378583550453,"213":-0.032498784363269806,"214":15.609090805053711,"215":16.05490493774414,"216":0.3123795986175537,"217":0.2923299968242645,"218":1.8132513761520386,"219":-0.16532716155052185,"220":0.22329917550086975,"221":-2.5063486099243164,"222":-0.3345457911491394,"223":-0.13729014992713928,"224":-4.337994575500488,"225":-16.623064041137695,"226":-1.7429664134979248,"227":3.257765769958496,"228":6.32793664932251,"229":-5.8309736251831055,"230":-0.23978406190872192,"231":1.1705434322357178,"232":22.557422637939453,"233":-0.17475958168506622,"234":-1.9595013856887817,"235":0.04330810159444809,"236":-0.7424651384353638,"237":-18.1696720123291,"238":-0.39085325598716736,"239":0.5670109987258911,"240":-0.9922930002212524,"241":-11.425642013549805,"242":-0.7763482928276062,"243":-0.72826087474823,"244":0.2222038209438324,"245":0.2043689340353012,"246":1.612345576286316,"247":13.441990852355957,"248":-1.33013117313385,"249":0.3095255196094513,"250":0.9578694701194763,"251":0.36469393968582153,"252":0.4531058967113495,"253":-6.204688549041748,"254":-0.14337395131587982,"255":-0.1524033546447754,"256":0.3412534296512604,"257":-17.38796043395996,"258":-2.7962112426757812,"259":7.859251499176025,"260":8.944835662841797,"261":-1.5806996822357178,"262":0.09049718827009201,"263":-0.3967709243297577,"264":10.990738868713379,"265":0.16733777523040771,"266":0.5949022173881531,"267":-0.6980542540550232,"268":0.3845285177230835,"269":-13.156949996948242,"270":0.5177261233329773,"271":-0.33294662833213806,"272":0.35937708616256714,"273":42.386959075927734,"274":0.3735317289829254,"275":0.5059403777122498,"276":0.004417834337800741,"277":-0.106855608522892,"278":35.40493392944336,"279":9.823397636413574,"280":0.35618650913238525,"281":-0.4366096556186676,"282":-16.466699600219727,"283":-0.49935561418533325,"284":-0.23605678975582123,"285":-1.2443019151687622,"286":-0.29655975103378296,"287":-0.14314499497413635}