{"0":-0.07774840295314789,"1":-0.08524694293737411,"2":-0.0633448138833046,"3":-0.08898858726024628,"4":-0.05941743031144142,"5":-0.017398232594132423,"6":-0.014883214607834816,"7":-0.007229526527225971,"8":-0.014334196224808693,"9":0.019337859004735947,"10":0.025033123791217804,"11":0.01644093357026577,"12":-0.004820127505809069,"13":-0.023312130942940712,"14":0.009303922764956951,"15":-0.012926902621984482,"16":-0.02484668791294098}