{"0":-0.007589383516460657,"1":0.07031194865703583,"2":-0.0028666271828114986,"3":0.07198119908571243,"4":0.1396121233701706,"5":0.2594085931777954,"6":0.07047700881958008,"7":0.5282866954803467,"8":0.3133159279823303,"9":0.4063580632209778,"10":0.1369858831167221,"11":0.2589870095252991,"12":0.07081269472837448,"13":0.5287328362464905,"14":0.30191218852996826,"15":0.4084321856498718,"16":0.030811507254838943,"17":0.08840512484312057,"18":-0.01329178549349308,"19":-0.07984836399555206,"20":0.06103525310754776,"21":0.012315716594457626,"22":-0.0466344878077507,"23":-0.05156693980097771,"24":0.0148114999756217,"25":-0.00941454153507948,"26":-0.05798463150858879,"27":0.0005489538889378309,"28":0.05602414533495903,"29":0.06483440846204758,"30":-0.0044297706335783005,"31":0.01220738049596548}