{"0":4.026245594024658,"1":-0.35008132457733154,"2":-0.19573616981506348,"3":-0.8888719081878662,"4":-1.0814356803894043,"5":0.6501691341400146,"6":1.0164587497711182,"7":-0.7435563206672668,"8":5.718796253204346,"9":-1.2167363166809082,"10":0.785582959651947,"11":1.4393730163574219,"12":3.9826416969299316,"13":1.4324530363082886,"14":3.1539831161499023,"15":5.0828633308410645,"16":-1.1502196788787842,"17":-0.4825429618358612,"18":0.6871039867401123,"19":1.5837570428848267,"20":2.7986128330230713,"21":2.408356189727783,"22":-0.9452248215675354,"23":4.359722137451172,"24":1.1303722858428955,"25":2.768871545791626,"26":-2.487809181213379,"27":1.9923710823059082,"28":4.688840866088867,"29":-0.5119948387145996,"30":-0.07625642418861389,"31":0.8496729135513306}