{"0":0.14347293972969055,"1":0.5247325301170349,"2":-0.18681566417217255,"3":-0.12357514351606369,"4":-0.27279528975486755,"5":0.0500175915658474,"6":-1.0503759384155273,"7":1.461344838142395,"8":0.032642826437950134,"9":-0.6445048451423645,"10":-0.07229761779308319,"11":0.8568108677864075,"12":-0.17431241273880005,"13":0.3005731701850891,"14":-0.2431190311908722,"15":0.39789989590644836,"16":-0.08137678354978561,"17":0.3274281322956085,"18":0.12976627051830292,"19":-0.16647636890411377,"20":0.30091291666030884,"21":-0.0981459990143776,"22":-0.13486412167549133,"23":0.10214284807443619,"24":0.27376508712768555,"25":-0.36900708079338074,"26":0.23178131878376007,"27":0.2543126940727234,"28":0.24776069819927216,"29":0.536543607711792,"30":0.2954220473766327,"31":-0.11623285710811615,"32":0.1716729998588562,"33":-0.166077122092247,"34":0.11028431355953217,"35":0.1485297679901123,"36":0.7577866911888123,"37":-0.1891619861125946,"38":-0.22686783969402313,"39":-0.7191513776779175,"40":0.006387301255017519,"41":-0.16312697529792786,"42":-0.21395134925842285,"43":0.11079778522253036,"44":-0.09715274721384048,"45":1.3964922428131104,"46":0.023623745888471603,"47":0.24837662279605865,"48":0.24149395525455475,"49":-0.27136123180389404,"50":0.15068396925926208,"51":-0.10834144055843353,"52":3.4162964820861816,"53":-0.45253273844718933,"54":-0.04199828952550888,"55":-0.1468179076910019,"56":0.23577924072742462,"57":0.2736770808696747,"58":-1.2783596515655518,"59":0.491289347410202,"60":0.039017606526613235,"61":0.10591687262058258,"62":-0.23956593871116638,"63":-1.033510684967041,"64":0.18687698245048523,"65":1.312719464302063,"66":-0.2071826457977295,"67":-0.1589888632297516,"68":-0.41374173760414124,"69":-0.14797088503837585,"70":0.6949885487556458,"71":-2.2653191089630127,"72":0.019607236608862877,"73":-0.25154754519462585,"74":1.084737777709961,"75":2.5009536743164062,"76":-0.1532081812620163,"77":0.3986903131008148,"78":-0.44754543900489807,"79":0.6638830900192261,"80":-0.09362632036209106,"81":0.5044620037078857,"82":-1.683062195777893,"83":-0.18052832782268524,"84":0.34511011838912964,"85":-0.26861414313316345,"86":-0.14305348694324493,"87":0.14954230189323425,"88":0.24577707052230835,"89":-0.4746430218219757,"90":0.34534820914268494,"91":0.17038658261299133,"92":0.3448937237262726,"93":0.13461364805698395,"94":0.354102224111557,"95":-0.16585129499435425,"96":0.2934129536151886,"97":-0.37280696630477905,"98":0.21398718655109406,"99":0.24647226929664612,"100":-2.460843801498413,"101":0.14167864620685577,"102":-0.30019474029541016,"103":-0.8367398381233215,"104":0.024387162178754807,"105":-0.24556270241737366,"106":-0.22343862056732178,"107":0.3959297835826874,"108":-0.09776616841554642,"109":0.05385356768965721,"110":0.01901170238852501,"111":0.4239574670791626,"112":0.42329704761505127,"113":0.8241422176361084,"114":0.3020952045917511,"115":-0.14021772146224976,"116":-12.434730529785156,"117":-0.5934750437736511,"118":-0.09627815335988998,"119":-0.3614117205142975,"120":0.31159523129463196,"121":0.40789708495140076,"122":0.3506985008716583,"123":0.6259940266609192,"124":0.07476191222667694,"125":0.3233969509601593,"126":-0.38315796852111816,"127":0.12635894119739532,"128":0.08002221584320068,"129":0.4115074872970581,"130":-0.22107933461666107,"131":-0.10443523526191711,"132":-0.24843169748783112,"133":-0.20273873209953308,"134":0.4413401484489441,"135":0.010169083252549171,"136":0.05646470934152603,"137":0.9067468047142029,"138":0.2456493228673935,"139":0.9115132689476013,"140":-0.06697268038988113,"141":0.14954854547977448,"142":-0.23810499906539917,"143":0.39267751574516296,"144":-0.0610288567841053,"145":0.28019240498542786,"146":1.5693947076797485,"147":-0.10547628253698349,"148":0.13396480679512024,"149":-0.1150207594037056,"150":-0.014064056798815727,"151":0.08579942584037781,"152":0.03742543235421181,"153":-0.22389331459999084,"154":0.1784430891275406,"155":-0.00007951958832563832,"156":0.1638055443763733,"157":-0.39186692237854004,"158":0.15113431215286255,"159":-0.06402195245027542,"160":0.19724728167057037,"161":-0.19155141711235046,"162":0.15134283900260925,"163":0.0679888054728508,"164":1.7585418224334717,"165":0.19850394129753113,"166":-0.20154288411140442,"167":-0.3635845184326172,"168":0.030332913622260094,"169":-0.1499294638633728,"170":-0.041505441069602966,"171":0.2407732754945755,"172":-0.048720452934503555,"173":-0.6069000363349915,"174":0.1393708437681198,"175":0.23703330755233765,"176":0.2670072317123413,"177":-0.5520529747009277,"178":0.1702408343553543,"179":-0.07997295260429382,"180":-1.6713050603866577,"181":-0.1612403839826584,"182":-0.06988655775785446,"183":-0.2760024666786194,"184":0.13496491312980652,"185":0.1713883876800537,"186":0.5160799622535706,"187":0.31411680579185486,"188":0.051080819219350815,"189":0.27943310141563416,"190":-0.15189455449581146,"191":0.7948148846626282,"192":0.1812083125114441,"193":-0.37418133020401,"194":-0.6009764075279236,"195":-0.13644163310527802,"196":0.09804745018482208,"197":0.07270307838916779,"198":-2.1112146377563477,"199":-0.8700297474861145,"200":0.33090198040008545,"201":-2.095104217529297,"202":-1.0427078008651733,"203":-0.835521936416626,"204":-0.20919261872768402,"205":0.2772103250026703,"206":-0.381227970123291,"207":-0.03897315636277199,"208":-0.10631315410137177,"209":0.39225539565086365,"210":0.27905580401420593,"211":-0.1254711151123047,"212":0.3725953698158264,"213":0.46177563071250916,"214":-0.2594158947467804,"215":0.32765328884124756,"216":0.5899407267570496,"217":-0.38932910561561584,"218":0.22853805124759674,"219":0.33210545778274536,"220":0.30995622277259827,"221":0.49139079451560974,"222":0.3672972321510315,"223":-0.1826470047235489,"224":0.17537252604961395,"225":-0.16724146902561188,"226":0.22876249253749847,"227":0.2565021812915802,"228":1.462110996246338,"229":-0.5747832655906677,"230":-0.3677690625190735,"231":0.5197988152503967,"232":-0.2396332323551178,"233":-0.17056600749492645,"234":-0.3404146730899811,"235":0.4431356191635132,"236":-0.11826369166374207,"237":-0.3742944896221161,"238":0.14321087300777435,"239":0.44355836510658264,"240":-0.4124438166618347,"241":-0.5273483991622925,"242":0.22231926023960114,"243":-0.15874703228473663,"244":23.366872787475586,"245":-0.8165093064308167,"246":-0.13581323623657227,"247":-0.3419192433357239,"248":0.3312942683696747,"249":-0.06390012055635452,"250":-0.7953425049781799,"251":-0.09634403139352798,"252":0.08312191814184189,"253":0.282938152551651,"254":-0.4252873957157135,"255":-1.45537531375885,"256":0.28009718656539917,"257":0.2236039936542511,"258":-1.0712965726852417,"259":-0.2941342294216156,"260":0.19102822244167328,"261":-0.23137876391410828,"262":1.3506354093551636,"263":-1.3066282272338867,"264":0.33094680309295654,"265":0.2991237938404083,"266":-0.1648624986410141,"267":-0.7957879304885864,"268":-0.24420008063316345,"269":0.4990975856781006,"270":-0.49255260825157166,"271":-0.5429872274398804,"272":-0.1071305125951767,"273":0.4656001031398773,"274":-2.967214345932007,"275":-0.1607247143983841,"276":0.49991124868392944,"277":0.4395895302295685,"278":-0.2585761547088623,"279":0.5888488292694092,"280":0.6855525970458984,"281":-0.6048082709312439,"282":0.44628408551216125,"283":0.15048512816429138,"284":0.5392381548881531,"285":1.0136635303497314,"286":0.5138459205627441,"287":-0.24184046685695648,"288":0.3874944746494293,"289":-0.35597121715545654,"290":0.35509100556373596,"291":0.4089622497558594,"292":-3.7466022968292236,"293":0.13318827748298645,"294":-0.4865964651107788,"295":0.9698962569236755,"296":-0.39242029190063477,"297":-0.30589839816093445,"298":-0.39820602536201477,"299":0.5660670399665833,"300":-0.16443710029125214,"301":-1.0769386291503906,"302":0.3830837607383728,"303":0.6038249731063843,"304":-0.6367648243904114,"305":1.3556653261184692,"306":0.3809265196323395,"307":-0.1892867386341095,"308":22.718120574951172,"309":-1.0747283697128296,"310":-0.10163840651512146,"311":-0.6302565932273865,