{"0":-1.0490453243255615,"1":-0.9900153875350952,"2":-0.9767898321151733,"3":-1.0327106714248657,"4":-1.0326745510101318,"5":-1.274918794631958,"6":-1.2222520112991333,"7":-1.4251505136489868,"8":-1.4173505306243896,"9":-1.431293249130249,"10":-1.4076852798461914,"11":-1.3433492183685303,"12":-1.325170636177063,"13":-1.3719208240509033,"14":-1.3743997812271118,"15":-1.3060200214385986,"16":-1.3200640678405762}