{"0":0.14826418459415436,"1":-0.011376403272151947,"2":0.15046317875385284,"3":-0.011234380304813385,"4":-0.42811861634254456,"5":-0.6843425631523132,"6":-0.2606660723686218,"7":-1.5449382066726685,"8":-0.8386930227279663,"9":-1.0211374759674072,"10":-0.43155282735824585,"11":-0.6963355541229248,"12":-0.26802876591682434,"13":-1.5544297695159912,"14":-0.848395824432373,"15":-1.0177326202392578,"16":-0.059873055666685104,"17":-0.15007734298706055,"18":0.10660628974437714,"19":0.16898101568222046,"20":-0.4143601357936859,"21":-0.24083073437213898,"22":0.07126077264547348,"23":0.04832085222005844,"24":-0.057390693575143814,"25":0.0231816153973341,"26":0.43275588750839233,"27":0.27799922227859497,"28":-0.025994708761572838,"29":-0.0033198855817317963,"30":0.06739994138479233,"31":-0.010043182410299778}