{"0":-0.08139567077159882,"1":0.03857356682419777,"2":-0.0718451514840126,"3":0.04681393876671791,"4":0.2967407703399658,"5":0.48005443811416626,"6":0.08958831429481506,"7":0.8681617379188538,"8":0.5527117252349854,"9":0.7795972228050232,"10":0.3022598922252655,"11":0.48913460969924927,"12":0.08244737982749939,"13":0.8629185557365417,"14":0.5388424396514893,"15":0.785364031791687,"16":0.08263430744409561,"17":0.11898962408304214,"18":-0.05955662205815315,"19":-0.10123733431100845,"20":0.14869548380374908,"21":0.08310467004776001,"22":-0.1307908445596695,"23":-0.030716272071003914,"24":0.0306664127856493,"25":-0.05514470115303993,"26":-0.1850128024816513,"27":-0.05271178483963013,"28":0.1244891807436943,"29":0.06420484185218811,"30":-0.012804795987904072,"31":0.037275753915309906}