{"0":4.856123447418213,"1":1.1029905080795288,"2":1.0762314796447754,"3":1.087712287902832,"4":9.432113647460938,"5":1.2287471294403076,"6":1.9503965377807617,"7":2.157378911972046,"8":-0.2834188938140869,"9":2.1282215118408203,"10":1.9526633024215698,"11":2.52612566947937,"12":8.739806175231934,"13":0.3909546136856079,"14":-4.060780048370361,"15":-1.2851371765136719,"16":-5.777335166931152,"17":1.8390194177627563,"18":2.6767115592956543,"19":1.9741785526275635,"20":0.9140172600746155,"21":3.49831223487854,"22":-22.25348472595215,"23":3.3834424018859863,"24":-1.0071935653686523,"25":-0.7284873723983765,"26":1.7904207706451416,"27":-2.391052722930908,"28":-0.6255185008049011,"29":1.2263824939727783,"30":3.2261784076690674,"31":-26.559782028198242,"32":1.2294291257858276,"33":4.219250202178955,"34":6.161760330200195,"35":-4.6776652336120605,"36":3.644831657409668,"37":1.5430541038513184,"38":7.343838214874268,"39":0.9013408422470093,"40":9.054239273071289,"41":0.6736980676651001,"42":0.1963949203491211,"43":0.49018093943595886,"44":26.032522201538086,"45":1.606076955795288,"46":-4.90783166885376,"47":-0.4855422079563141,"48":1.6729792356491089,"49":5.669095039367676,"50":0.37762200832366943,"51":4.638715744018555,"52":-2.0403594970703125,"53":-20.510074615478516,"54":-0.1750192642211914,"55":0.5941318869590759,"56":-6.898994445800781,"57":0.4252528250217438,"58":1.9145123958587646,"59":3.4297380447387695,"60":0.49337029457092285,"61":-2.4068479537963867,"62":-28.83936309814453,"63":5.725986480712891}