{"0":0.08193065971136093,"1":0.015781577676534653,"2":0.08268511295318604,"3":0.0211978517472744,"4":-0.261502742767334,"5":-0.31468626856803894,"6":-0.08361324667930603,"7":-0.6029160618782043,"8":-0.2918078899383545,"9":-0.40188905596733093,"10":-0.25516173243522644,"11":-0.30177783966064453,"12":-0.08324071764945984,"13":-0.5997957587242126,"14":-0.29160580039024353,"15":-0.4055454730987549,"16":-0.04801594465970993,"17":-0.13968555629253387,"18":0.06646519899368286,"19":0.14506955444812775,"20":-0.19908344745635986,"21":-0.05328305438160896,"22":0.05251218006014824,"23":0.02828953042626381,"24":-0.019137078896164894,"25":0.007282294798642397,"26":0.20633277297019958,"27":0.08528917282819748,"28":-0.038745373487472534,"29":-0.01691187359392643,"30":0.034252069890499115,"31":-0.0016737568657845259}